,Location,Year,total_cases,smearpositivecases
0,ANDHRAPRADESH_ANANTAPUR,2019,5467,2453
1,ANDHRAPRADESH_ANANTAPUR,2020,5486,2460
2,ANDHRAPRADESH_ANANTAPUR,2021,5513,2467
3,ANDHRAPRADESH_ANANTAPUR,2022,5539,2474
4,ANDHRAPRADESH_ANANTAPUR,2023,5568,2481
5,ANDHRAPRADESH_ANANTAPUR,2024,5588,2488
6,ANDHRAPRADESH_ANANTAPUR,2025,5621,2496
7,ANDHRAPRADESH_CHITTOOR,2019,4896,2259
8,ANDHRAPRADESH_CHITTOOR,2020,4907,2261
9,ANDHRAPRADESH_CHITTOOR,2021,4911,2261
10,ANDHRAPRADESH_CHITTOOR,2022,4928,2264
11,ANDHRAPRADESH_CHITTOOR,2023,4943,2267
12,ANDHRAPRADESH_CHITTOOR,2024,4958,2270
13,ANDHRAPRADESH_CHITTOOR,2025,4973,2273
14,ANDHRAPRADESH_EASTGODAVARI,2019,12263,5971
15,ANDHRAPRADESH_EASTGODAVARI,2020,12289,5972
16,ANDHRAPRADESH_EASTGODAVARI,2021,12295,5975
17,ANDHRAPRADESH_EASTGODAVARI,2022,12311,5978
18,ANDHRAPRADESH_EASTGODAVARI,2023,12320,5980
19,ANDHRAPRADESH_EASTGODAVARI,2024,12333,5982
20,ANDHRAPRADESH_EASTGODAVARI,2025,12346,5985
21,ANDHRAPRADESH_GUNTUR,2019,7251,3255
22,ANDHRAPRADESH_GUNTUR,2020,7221,3257
23,ANDHRAPRADESH_GUNTUR,2021,7207,3256
24,ANDHRAPRADESH_GUNTUR,2022,7229,3260
25,ANDHRAPRADESH_GUNTUR,2023,7213,3261
26,ANDHRAPRADESH_GUNTUR,2024,7203,3261
27,ANDHRAPRADESH_GUNTUR,2025,7211,3264
28,ANDHRAPRADESH_KRISHNA,2019,5571,2523
29,ANDHRAPRADESH_KRISHNA,2020,5582,2528
30,ANDHRAPRADESH_KRISHNA,2021,5578,2533
31,ANDHRAPRADESH_KRISHNA,2022,5593,2540
32,ANDHRAPRADESH_KRISHNA,2023,5594,2545
33,ANDHRAPRADESH_KRISHNA,2024,5598,2551
34,ANDHRAPRADESH_KRISHNA,2025,5604,2557
35,ANDHRAPRADESH_KURNOOL,2019,5975,2256
36,ANDHRAPRADESH_KURNOOL,2020,5977,2257
37,ANDHRAPRADESH_KURNOOL,2021,5981,2261
38,ANDHRAPRADESH_KURNOOL,2022,6005,2268
39,ANDHRAPRADESH_KURNOOL,2023,6014,2272
40,ANDHRAPRADESH_KURNOOL,2024,6027,2276
41,ANDHRAPRADESH_KURNOOL,2025,6046,2282
42,ANDHRAPRADESH_PRAKASAM,2019,4257,1800
43,ANDHRAPRADESH_PRAKASAM,2020,4287,1806
44,ANDHRAPRADESH_PRAKASAM,2021,4278,1806
45,ANDHRAPRADESH_PRAKASAM,2022,4292,1810
46,ANDHRAPRADESH_PRAKASAM,2023,4306,1814
47,ANDHRAPRADESH_PRAKASAM,2024,4310,1816
48,ANDHRAPRADESH_PRAKASAM,2025,4322,1820
49,ANDHRAPRADESH_SRIKAKULAM,2019,3385,1567
50,ANDHRAPRADESH_SRIKAKULAM,2020,3349,1573
51,ANDHRAPRADESH_SRIKAKULAM,2021,3381,1576
52,ANDHRAPRADESH_SRIKAKULAM,2022,3382,1581
53,ANDHRAPRADESH_SRIKAKULAM,2023,3403,1585
54,ANDHRAPRADESH_SRIKAKULAM,2024,3413,1589
55,ANDHRAPRADESH_SRIKAKULAM,2025,3430,1594
56,ANDHRAPRADESH_SRIPOTTISRIRAMULUNELLORE,2019,3587,1632
57,ANDHRAPRADESH_SRIPOTTISRIRAMULUNELLORE,2020,3572,1635
58,ANDHRAPRADESH_SRIPOTTISRIRAMULUNELLORE,2021,3616,1639
59,ANDHRAPRADESH_SRIPOTTISRIRAMULUNELLORE,2022,3636,1641
60,ANDHRAPRADESH_SRIPOTTISRIRAMULUNELLORE,2023,3660,1644
61,ANDHRAPRADESH_SRIPOTTISRIRAMULUNELLORE,2024,3688,1648
62,ANDHRAPRADESH_SRIPOTTISRIRAMULUNELLORE,2025,3712,1651
63,ANDHRAPRADESH_VISAKHAPATNAM,2019,5529,2700
64,ANDHRAPRADESH_VISAKHAPATNAM,2020,5541,2701
65,ANDHRAPRADESH_VISAKHAPATNAM,2021,5533,2706
66,ANDHRAPRADESH_VISAKHAPATNAM,2022,5520,2708
67,ANDHRAPRADESH_VISAKHAPATNAM,2023,5484,2710
68,ANDHRAPRADESH_VISAKHAPATNAM,2024,5460,2711
69,ANDHRAPRADESH_VISAKHAPATNAM,2025,5456,2715
70,ANDHRAPRADESH_VIZIANAGARAM,2019,3858,1585
71,ANDHRAPRADESH_VIZIANAGARAM,2020,3846,1584
72,ANDHRAPRADESH_VIZIANAGARAM,2021,3863,1587
73,ANDHRAPRADESH_VIZIANAGARAM,2022,3866,1589
74,ANDHRAPRADESH_VIZIANAGARAM,2023,3876,1591
75,ANDHRAPRADESH_VIZIANAGARAM,2024,3881,1593
76,ANDHRAPRADESH_VIZIANAGARAM,2025,3889,1595
77,ARUNACHALPRADESH_PAPUMPARE,2019,1144,190
78,ARUNACHALPRADESH_PAPUMPARE,2020,1144,190
79,ARUNACHALPRADESH_PAPUMPARE,2021,1133,188
80,ARUNACHALPRADESH_PAPUMPARE,2022,1130,187
81,ARUNACHALPRADESH_PAPUMPARE,2023,1127,186
82,ARUNACHALPRADESH_PAPUMPARE,2024,1123,185
83,ARUNACHALPRADESH_PAPUMPARE,2025,1119,184
84,ASSAM_BONGAIGAON,2019,824,432
85,ASSAM_BONGAIGAON,2020,874,421
86,ASSAM_BONGAIGAON,2021,855,423
87,ASSAM_BONGAIGAON,2022,895,417
88,ASSAM_BONGAIGAON,2023,896,418
89,ASSAM_BONGAIGAON,2024,920,414
90,ASSAM_BONGAIGAON,2025,934,415
91,ASSAM_CACHAR,2019,2498,883
92,ASSAM_CACHAR,2020,2505,887
93,ASSAM_CACHAR,2021,2504,896
94,ASSAM_CACHAR,2022,2506,890
95,ASSAM_CACHAR,2023,2503,892
96,ASSAM_CACHAR,2024,2504,892
97,ASSAM_CACHAR,2025,2500,893
98,ASSAM_DARRANG,2019,669,334
99,ASSAM_DARRANG,2020,666,337
100,ASSAM_DARRANG,2021,668,333
101,ASSAM_DARRANG,2022,670,334
102,ASSAM_DARRANG,2023,671,332
103,ASSAM_DARRANG,2024,673,332
104,ASSAM_DARRANG,2025,674,332
105,ASSAM_DHEMAJI,2019,749,288
106,ASSAM_DHEMAJI,2020,763,286
107,ASSAM_DHEMAJI,2021,760,284
108,ASSAM_DHEMAJI,2022,767,281
109,ASSAM_DHEMAJI,2023,770,280
110,ASSAM_DHEMAJI,2024,772,276
111,ASSAM_DHEMAJI,2025,778,275
112,ASSAM_DIBRUGARH,2019,2596,967
113,ASSAM_DIBRUGARH,2020,2594,965
114,ASSAM_DIBRUGARH,2021,2575,961
115,ASSAM_DIBRUGARH,2022,2568,957
116,ASSAM_DIBRUGARH,2023,2552,953
117,ASSAM_DIBRUGARH,2024,2541,949
118,ASSAM_DIBRUGARH,2025,2527,945
119,ASSAM_GOLAGHAT,2019,1562,576
120,ASSAM_GOLAGHAT,2020,1551,578
121,ASSAM_GOLAGHAT,2021,1539,574
122,ASSAM_GOLAGHAT,2022,1542,574
123,ASSAM_GOLAGHAT,2023,1538,573
124,ASSAM_GOLAGHAT,2024,1532,572
125,ASSAM_GOLAGHAT,2025,1529,571
126,ASSAM_HAILAKANDI,2019,802,302
127,ASSAM_HAILAKANDI,2020,779,300
128,ASSAM_HAILAKANDI,2021,780,299
129,ASSAM_HAILAKANDI,2022,789,301
130,ASSAM_HAILAKANDI,2023,776,302
131,ASSAM_HAILAKANDI,2024,784,301
132,ASSAM_HAILAKANDI,2025,785,303
133,ASSAM_JORHAT,2019,1206,424
134,ASSAM_JORHAT,2020,1212,424
135,ASSAM_JORHAT,2021,1199,421
136,ASSAM_JORHAT,2022,1198,420
137,ASSAM_JORHAT,2023,1191,418
138,ASSAM_JORHAT,2024,1185,416
139,ASSAM_JORHAT,2025,1181,415
140,ASSAM_KAMRUP,2019,2972,989
141,ASSAM_KAMRUP,2020,2975,993
142,ASSAM_KAMRUP,2021,2962,990
143,ASSAM_KAMRUP,2022,2960,989
144,ASSAM_KAMRUP,2023,2951,988
145,ASSAM_KAMRUP,2024,2947,987
146,ASSAM_KAMRUP,2025,2940,985
147,ASSAM_KARIMGANJ,2019,812,263
148,ASSAM_KARIMGANJ,2020,835,263
149,ASSAM_KARIMGANJ,2021,823,263
150,ASSAM_KARIMGANJ,2022,829,265
151,ASSAM_KARIMGANJ,2023,834,265
152,ASSAM_KARIMGANJ,2024,829,266
153,ASSAM_KARIMGANJ,2025,835,268
154,ASSAM_LAKHIMPUR,2019,992,479
155,ASSAM_LAKHIMPUR,2020,995,478
156,ASSAM_LAKHIMPUR,2021,988,476
157,ASSAM_LAKHIMPUR,2022,990,475
158,ASSAM_LAKHIMPUR,2023,991,473
159,ASSAM_LAKHIMPUR,2024,991,472
160,ASSAM_LAKHIMPUR,2025,993,471
161,ASSAM_NAGAON,2019,2677,1138
162,ASSAM_NAGAON,2020,2724,1148
163,ASSAM_NAGAON,2021,2700,1139
164,ASSAM_NAGAON,2022,2725,1142
165,ASSAM_NAGAON,2023,2721,1138
166,ASSAM_NAGAON,2024,2732,1138
167,ASSAM_NAGAON,2025,2736,1136
168,ASSAM_NALBARI,2019,900,376
169,ASSAM_NALBARI,2020,908,374
170,ASSAM_NALBARI,2021,899,373
171,ASSAM_NALBARI,2022,904,374
172,ASSAM_NALBARI,2023,902,374
173,ASSAM_NALBARI,2024,903,374
174,ASSAM_NALBARI,2025,902,374
175,ASSAM_SIVASAGAR,2019,1484,451
176,ASSAM_SIVASAGAR,2020,1490,456
177,ASSAM_SIVASAGAR,2021,1483,453
178,ASSAM_SIVASAGAR,2022,1488,459
179,ASSAM_SIVASAGAR,2023,1478,455
180,ASSAM_SIVASAGAR,2024,1462,450
181,ASSAM_SIVASAGAR,2025,1452,447
182,ASSAM_SONITPUR,2019,3142,1493
183,ASSAM_SONITPUR,2020,3150,1493
184,ASSAM_SONITPUR,2021,3140,1490
185,ASSAM_SONITPUR,2022,3130,1487
186,ASSAM_SONITPUR,2023,3129,1485
187,ASSAM_SONITPUR,2024,3126,1483
188,ASSAM_SONITPUR,2025,3119,1480
189,ASSAM_TINSUKIA,2019,2518,1089
190,ASSAM_TINSUKIA,2020,2534,1083
191,ASSAM_TINSUKIA,2021,2508,1080
192,ASSAM_TINSUKIA,2022,2505,1074
193,ASSAM_TINSUKIA,2023,2490,1069
194,ASSAM_TINSUKIA,2024,2477,1063
195,ASSAM_TINSUKIA,2025,2467,1058
196,BIHAR_PATNA,2019,5071,1721
197,BIHAR_PATNA,2020,5075,1714
198,BIHAR_PATNA,2021,5083,1715
199,BIHAR_PATNA,2022,5090,1717
200,BIHAR_PATNA,2023,5099,1719
201,BIHAR_PATNA,2024,5106,1720
202,BIHAR_PATNA,2025,5114,1722
203,BIHAR_SAMASTIPUR,2019,2610,1164
204,BIHAR_SAMASTIPUR,2020,2608,1162
205,BIHAR_SAMASTIPUR,2021,2607,1161
206,BIHAR_SAMASTIPUR,2022,2603,1160
207,BIHAR_SAMASTIPUR,2023,2602,1160
208,BIHAR_SAMASTIPUR,2024,2599,1158
209,BIHAR_SAMASTIPUR,2025,2597,1158
210,CHANDIGARH_CHANDIGARH,2019,2760,886
211,CHANDIGARH_CHANDIGARH,2020,2747,893
212,CHANDIGARH_CHANDIGARH,2021,2774,894
213,CHANDIGARH_CHANDIGARH,2022,2724,888
214,CHANDIGARH_CHANDIGARH,2023,2726,888
215,CHANDIGARH_CHANDIGARH,2024,2708,885
216,CHANDIGARH_CHANDIGARH,2025,2685,882
217,CHHATTISGARH_BILASPUR,2019,2683,1191
218,CHHATTISGARH_BILASPUR,2020,2675,1188
219,CHHATTISGARH_BILASPUR,2021,2675,1188
220,CHHATTISGARH_BILASPUR,2022,2671,1187
221,CHHATTISGARH_BILASPUR,2023,2672,1186
222,CHHATTISGARH_BILASPUR,2024,2666,1185
223,CHHATTISGARH_BILASPUR,2025,2668,1185
224,CHHATTISGARH_DURG,2019,3241,1106
225,CHHATTISGARH_DURG,2020,3241,1104
226,CHHATTISGARH_DURG,2021,3261,1110
227,CHHATTISGARH_DURG,2022,3276,1115
228,CHHATTISGARH_DURG,2023,3285,1120
229,CHHATTISGARH_DURG,2024,3293,1124
230,CHHATTISGARH_DURG,2025,3295,1128
231,CHHATTISGARH_KORBA,2019,1371,539
232,CHHATTISGARH_KORBA,2020,1348,534
233,CHHATTISGARH_KORBA,2021,1350,533
234,CHHATTISGARH_KORBA,2022,1342,531
235,CHHATTISGARH_KORBA,2023,1337,530
236,CHHATTISGARH_KORBA,2024,1334,529
237,CHHATTISGARH_KORBA,2025,1330,528
238,CHHATTISGARH_RAIPUR,2019,4149,1683
239,CHHATTISGARH_RAIPUR,2020,4148,1688
240,CHHATTISGARH_RAIPUR,2021,4152,1691
241,CHHATTISGARH_RAIPUR,2022,4154,1693
242,CHHATTISGARH_RAIPUR,2023,4156,1694
243,CHHATTISGARH_RAIPUR,2024,4157,1696
244,CHHATTISGARH_RAIPUR,2025,4159,1697
245,GOA_NORTHGOA,2019,1344,362
246,GOA_NORTHGOA,2020,1270,354
247,GOA_NORTHGOA,2021,1313,352
248,GOA_NORTHGOA,2022,1304,354
249,GOA_NORTHGOA,2023,1329,352
250,GOA_NORTHGOA,2024,1324,353
251,GOA_NORTHGOA,2025,1341,352
252,GOA_SOUTHGOA,2019,699,287
253,GOA_SOUTHGOA,2020,693,288
254,GOA_SOUTHGOA,2021,680,289
255,GOA_SOUTHGOA,2022,675,293
256,GOA_SOUTHGOA,2023,663,295
257,GOA_SOUTHGOA,2024,657,298
258,GOA_SOUTHGOA,2025,647,301
259,GUJARAT_BHARUCH,2019,2537,1165
260,GUJARAT_BHARUCH,2020,2530,1165
261,GUJARAT_BHARUCH,2021,2528,1165
262,GUJARAT_BHARUCH,2022,2527,1164
263,GUJARAT_BHARUCH,2023,2525,1163
264,GUJARAT_BHARUCH,2024,2524,1162
265,GUJARAT_BHARUCH,2025,2522,1161
266,GUJARAT_GANDHINAGAR,2019,2513,915
267,GUJARAT_GANDHINAGAR,2020,2517,913
268,GUJARAT_GANDHINAGAR,2021,2507,909
269,GUJARAT_GANDHINAGAR,2022,2502,905
270,GUJARAT_GANDHINAGAR,2023,2498,902
271,GUJARAT_GANDHINAGAR,2024,2493,898
272,GUJARAT_GANDHINAGAR,2025,2489,895
273,GUJARAT_JAMNAGAR,2019,2428,1055
274,GUJARAT_JAMNAGAR,2020,2440,1058
275,GUJARAT_JAMNAGAR,2021,2436,1059
276,GUJARAT_JAMNAGAR,2022,2434,1060
277,GUJARAT_JAMNAGAR,2023,2432,1061
278,GUJARAT_JAMNAGAR,2024,2431,1063
279,GUJARAT_JAMNAGAR,2025,2430,1064
280,GUJARAT_RAJKOT,2019,3900,1967
281,GUJARAT_RAJKOT,2020,3928,1979
282,GUJARAT_RAJKOT,2021,3926,1977
283,GUJARAT_RAJKOT,2022,3930,1978
284,GUJARAT_RAJKOT,2023,3943,1984
285,GUJARAT_RAJKOT,2024,3946,1984
286,GUJARAT_RAJKOT,2025,3953,1988
287,GUJARAT_SURAT,2019,8948,3734
288,GUJARAT_SURAT,2020,8963,3736
289,GUJARAT_SURAT,2021,8963,3737
290,GUJARAT_SURAT,2022,8965,3737
291,GUJARAT_SURAT,2023,8961,3737
292,GUJARAT_SURAT,2024,8959,3737
293,GUJARAT_SURAT,2025,8956,3736
294,GUJARAT_VADODARA,2019,4176,1860
295,GUJARAT_VADODARA,2020,4166,1858
296,GUJARAT_VADODARA,2021,4155,1855
297,GUJARAT_VADODARA,2022,4146,1852
298,GUJARAT_VADODARA,2023,4137,1849
299,GUJARAT_VADODARA,2024,4129,1847
300,GUJARAT_VADODARA,2025,4121,1844
301,GUJARAT_VALSAD,2019,2019,997
302,GUJARAT_VALSAD,2020,2020,997
303,GUJARAT_VALSAD,2021,2015,996
304,GUJARAT_VALSAD,2022,2023,995
305,GUJARAT_VALSAD,2023,2028,994
306,GUJARAT_VALSAD,2024,2037,995
307,GUJARAT_VALSAD,2025,2045,997
308,HARYANA_BHIWANI,2019,2208,1001
309,HARYANA_BHIWANI,2020,2247,997
310,HARYANA_BHIWANI,2021,2214,994
311,HARYANA_BHIWANI,2022,2218,988
312,HARYANA_BHIWANI,2023,2206,986
313,HARYANA_BHIWANI,2024,2197,982
314,HARYANA_BHIWANI,2025,2190,978
315,HARYANA_FARIDABAD,2019,3374,991
316,HARYANA_FARIDABAD,2020,3376,1014
317,HARYANA_FARIDABAD,2021,3413,1015
318,HARYANA_FARIDABAD,2022,3411,1011
319,HARYANA_FARIDABAD,2023,3425,1012
320,HARYANA_FARIDABAD,2024,3439,1011
321,HARYANA_FARIDABAD,2025,3453,1010
322,HARYANA_PANCHKULA,2019,1217,469
323,HARYANA_PANCHKULA,2020,1212,473
324,HARYANA_PANCHKULA,2021,1226,475
325,HARYANA_PANCHKULA,2022,1226,471
326,HARYANA_PANCHKULA,2023,1234,478
327,HARYANA_PANCHKULA,2024,1248,482
328,HARYANA_PANCHKULA,2025,1269,487
329,HARYANA_YAMUNANAGAR,2019,1415,598
330,HARYANA_YAMUNANAGAR,2020,1401,592
331,HARYANA_YAMUNANAGAR,2021,1414,568
332,HARYANA_YAMUNANAGAR,2022,1426,568
333,HARYANA_YAMUNANAGAR,2023,1434,550
334,HARYANA_YAMUNANAGAR,2024,1444,545
335,HARYANA_YAMUNANAGAR,2025,1454,536
336,HIMACHALPRADESH_KANGRA,2019,2746,969
337,HIMACHALPRADESH_KANGRA,2020,2749,967
338,HIMACHALPRADESH_KANGRA,2021,2755,965
339,HIMACHALPRADESH_KANGRA,2022,2766,962
340,HIMACHALPRADESH_KANGRA,2023,2776,963
341,HIMACHALPRADESH_KANGRA,2024,2788,960
342,HIMACHALPRADESH_KANGRA,2025,2795,959
343,HIMACHALPRADESH_KULLU,2019,1359,334
344,HIMACHALPRADESH_KULLU,2020,1384,344
345,HIMACHALPRADESH_KULLU,2021,1408,351
346,HIMACHALPRADESH_KULLU,2022,1431,359
347,HIMACHALPRADESH_KULLU,2023,1458,367
348,HIMACHALPRADESH_KULLU,2024,1485,374
349,HIMACHALPRADESH_KULLU,2025,1511,382
350,HIMACHALPRADESH_MANDI,2019,2209,739
351,HIMACHALPRADESH_MANDI,2020,2185,739
352,HIMACHALPRADESH_MANDI,2021,2201,736
353,HIMACHALPRADESH_MANDI,2022,2192,734
354,HIMACHALPRADESH_MANDI,2023,2192,734
355,HIMACHALPRADESH_MANDI,2024,2199,732
356,HIMACHALPRADESH_MANDI,2025,2194,731
357,HIMACHALPRADESH_SHIMLA,2019,1635,535
358,HIMACHALPRADESH_SHIMLA,2020,1634,544
359,HIMACHALPRADESH_SHIMLA,2021,1688,544
360,HIMACHALPRADESH_SHIMLA,2022,1703,548
361,HIMACHALPRADESH_SHIMLA,2023,1738,552
362,HIMACHALPRADESH_SHIMLA,2024,1775,562
363,HIMACHALPRADESH_SHIMLA,2025,1809,569
364,HIMACHALPRADESH_SIRMAUR,2019,1163,394
365,HIMACHALPRADESH_SIRMAUR,2020,1187,399
366,HIMACHALPRADESH_SIRMAUR,2021,1189,401
367,HIMACHALPRADESH_SIRMAUR,2022,1218,401
368,HIMACHALPRADESH_SIRMAUR,2023,1249,409
369,HIMACHALPRADESH_SIRMAUR,2024,1258,406
370,HIMACHALPRADESH_SIRMAUR,2025,1315,418
371,HIMACHALPRADESH_SOLAN,2019,1307,448
372,HIMACHALPRADESH_SOLAN,2020,1282,449
373,HIMACHALPRADESH_SOLAN,2021,1322,456
374,HIMACHALPRADESH_SOLAN,2022,1318,454
375,HIMACHALPRADESH_SOLAN,2023,1316,456
376,HIMACHALPRADESH_SOLAN,2024,1327,458
377,HIMACHALPRADESH_SOLAN,2025,1329,459
378,HIMACHALPRADESH_UNA,2019,781,347
379,HIMACHALPRADESH_UNA,2020,793,363
380,HIMACHALPRADESH_UNA,2021,848,368
381,HIMACHALPRADESH_UNA,2022,894,374
382,HIMACHALPRADESH_UNA,2023,967,389
383,HIMACHALPRADESH_UNA,2024,1020,401
384,HIMACHALPRADESH_UNA,2025,1087,420
385,JHARKHAND_DHANBAD,2019,2698,1264
386,JHARKHAND_DHANBAD,2020,2695,1263
387,JHARKHAND_DHANBAD,2021,2686,1258
388,JHARKHAND_DHANBAD,2022,2685,1253
389,JHARKHAND_DHANBAD,2023,2682,1249
390,JHARKHAND_DHANBAD,2024,2679,1246
391,JHARKHAND_DHANBAD,2025,2675,1242
392,JHARKHAND_RANCHI,2019,3206,1335
393,JHARKHAND_RANCHI,2020,3131,1329
394,JHARKHAND_RANCHI,2021,3159,1326
395,JHARKHAND_RANCHI,2022,3135,1319
396,JHARKHAND_RANCHI,2023,3104,1316
397,JHARKHAND_RANCHI,2024,3121,1314
398,JHARKHAND_RANCHI,2025,3099,1309
399,KARNATAKA_BIDAR,2019,2100,757
400,KARNATAKA_BIDAR,2020,2092,753
401,KARNATAKA_BIDAR,2021,2089,753
402,KARNATAKA_BIDAR,2022,2085,751
403,KARNATAKA_BIDAR,2023,2082,751
404,KARNATAKA_BIDAR,2024,2080,750
405,KARNATAKA_BIDAR,2025,2076,749
406,KARNATAKA_CHITRADURGA,2019,2441,969
407,KARNATAKA_CHITRADURGA,2020,2443,969
408,KARNATAKA_CHITRADURGA,2021,2450,973
409,KARNATAKA_CHITRADURGA,2022,2464,977
410,KARNATAKA_CHITRADURGA,2023,2473,981
411,KARNATAKA_CHITRADURGA,2024,2482,984
412,KARNATAKA_CHITRADURGA,2025,2495,989
413,KARNATAKA_DAKSHINAKANNADA,2019,1915,807
414,KARNATAKA_DAKSHINAKANNADA,2020,1906,800
415,KARNATAKA_DAKSHINAKANNADA,2021,1908,799
416,KARNATAKA_DAKSHINAKANNADA,2022,1926,799
417,KARNATAKA_DAKSHINAKANNADA,2023,1947,799
418,KARNATAKA_DAKSHINAKANNADA,2024,1965,799
419,KARNATAKA_DAKSHINAKANNADA,2025,1983,798
420,KARNATAKA_DAVANAGERE,2019,2011,858
421,KARNATAKA_DAVANAGERE,2020,2008,858
422,KARNATAKA_DAVANAGERE,2021,2008,859
423,KARNATAKA_DAVANAGERE,2022,2010,858
424,KARNATAKA_DAVANAGERE,2023,2014,860
425,KARNATAKA_DAVANAGERE,2024,2014,860
426,KARNATAKA_DAVANAGERE,2025,2019,861
427,KARNATAKA_DHARWAD,2019,1827,721
428,KARNATAKA_DHARWAD,2020,1856,719
429,KARNATAKA_DHARWAD,2021,1833,720
430,KARNATAKA_DHARWAD,2022,1850,715
431,KARNATAKA_DHARWAD,2023,1821,714
432,KARNATAKA_DHARWAD,2024,1848,714
433,KARNATAKA_DHARWAD,2025,1820,713
434,KARNATAKA_HASSAN,2019,1509,735
435,KARNATAKA_HASSAN,2020,1536,748
436,KARNATAKA_HASSAN,2021,1544,758
437,KARNATAKA_HASSAN,2022,1562,771
438,KARNATAKA_HASSAN,2023,1577,783
439,KARNATAKA_HASSAN,2024,1590,794
440,KARNATAKA_HASSAN,2025,1609,806
441,KARNATAKA_HAVERI,2019,1853,748
442,KARNATAKA_HAVERI,2020,1853,748
443,KARNATAKA_HAVERI,2021,1850,749
444,KARNATAKA_HAVERI,2022,1848,748
445,KARNATAKA_HAVERI,2023,1847,748
446,KARNATAKA_HAVERI,2024,1845,748
447,KARNATAKA_HAVERI,2025,1845,748
448,KARNATAKA_KOLAR,2019,1489,724
449,KARNATAKA_KOLAR,2020,1481,718
450,KARNATAKA_KOLAR,2021,1493,720
451,KARNATAKA_KOLAR,2022,1480,719
452,KARNATAKA_KOLAR,2023,1491,720
453,KARNATAKA_KOLAR,2024,1488,720
454,KARNATAKA_KOLAR,2025,1490,720
455,KARNATAKA_MANDYA,2019,1796,771
456,KARNATAKA_MANDYA,2020,1789,769
457,KARNATAKA_MANDYA,2021,1805,775
458,KARNATAKA_MANDYA,2022,1808,777
459,KARNATAKA_MANDYA,2023,1815,782
460,KARNATAKA_MANDYA,2024,1822,785
461,KARNATAKA_MANDYA,2025,1829,789
462,KARNATAKA_RAICHUR,2019,2885,1229
463,KARNATAKA_RAICHUR,2020,2899,1229
464,KARNATAKA_RAICHUR,2021,2900,1232
465,KARNATAKA_RAICHUR,2022,2919,1234
466,KARNATAKA_RAICHUR,2023,2926,1236
467,KARNATAKA_RAICHUR,2024,2936,1237
468,KARNATAKA_RAICHUR,2025,2950,1240
469,KERALA_ALAPPUZHA,2019,1634,743
470,KERALA_ALAPPUZHA,2020,1644,751
471,KERALA_ALAPPUZHA,2021,1648,760
472,KERALA_ALAPPUZHA,2022,1651,766
473,KERALA_ALAPPUZHA,2023,1655,774
474,KERALA_ALAPPUZHA,2024,1660,781
475,KERALA_ALAPPUZHA,2025,1666,788
476,KERALA_ERNAKULAM,2019,2539,1128
477,KERALA_ERNAKULAM,2020,2526,1116
478,KERALA_ERNAKULAM,2021,2500,1116
479,KERALA_ERNAKULAM,2022,2490,1108
480,KERALA_ERNAKULAM,2023,2476,1106
481,KERALA_ERNAKULAM,2024,2458,1100
482,KERALA_ERNAKULAM,2025,2446,1095
483,KERALA_KOLLAM,2019,2069,995
484,KERALA_KOLLAM,2020,2090,1002
485,KERALA_KOLLAM,2021,2115,1008
486,KERALA_KOLLAM,2022,2138,1015
487,KERALA_KOLLAM,2023,2157,1021
488,KERALA_KOLLAM,2024,2174,1027
489,KERALA_KOLLAM,2025,2194,1034
490,KERALA_KOTTAYAM,2019,1687,850
491,KERALA_KOTTAYAM,2020,1678,853
492,KERALA_KOTTAYAM,2021,1668,859
493,KERALA_KOTTAYAM,2022,1664,861
494,KERALA_KOTTAYAM,2023,1662,863
495,KERALA_KOTTAYAM,2024,1660,865
496,KERALA_KOTTAYAM,2025,1658,867
497,KERALA_KOZHIKODE,2019,2155,810
498,KERALA_KOZHIKODE,2020,2131,801
499,KERALA_KOZHIKODE,2021,2121,798
500,KERALA_KOZHIKODE,2022,2120,794
501,KERALA_KOZHIKODE,2023,2113,793
502,KERALA_KOZHIKODE,2024,2109,789
503,KERALA_KOZHIKODE,2025,2101,785
504,KERALA_PALAKKAD,2019,2161,1063
505,KERALA_PALAKKAD,2020,2122,1046
506,KERALA_PALAKKAD,2021,2120,1044
507,KERALA_PALAKKAD,2022,2116,1041
508,KERALA_PALAKKAD,2023,2096,1034
509,KERALA_PALAKKAD,2024,2085,1028
510,KERALA_PALAKKAD,2025,2072,1023
511,KERALA_THIRUVANANTHAPURAM,2019,2574,1158
512,KERALA_THIRUVANANTHAPURAM,2020,2567,1159
513,KERALA_THIRUVANANTHAPURAM,2021,2573,1161
514,KERALA_THIRUVANANTHAPURAM,2022,2577,1165
515,KERALA_THIRUVANANTHAPURAM,2023,2577,1166
516,KERALA_THIRUVANANTHAPURAM,2024,2576,1168
517,KERALA_THIRUVANANTHAPURAM,2025,2577,1170
518,KERALA_WAYANAD,2019,619,242
519,KERALA_WAYANAD,2020,615,237
520,KERALA_WAYANAD,2021,620,237
521,KERALA_WAYANAD,2022,626,238
522,KERALA_WAYANAD,2023,631,238
523,KERALA_WAYANAD,2024,633,237
524,KERALA_WAYANAD,2025,636,238
525,MADHYAPRADESH_BHOPAL,2019,4252,1262
526,MADHYAPRADESH_BHOPAL,2020,4416,1268
527,MADHYAPRADESH_BHOPAL,2021,4328,1265
528,MADHYAPRADESH_BHOPAL,2022,4379,1270
529,MADHYAPRADESH_BHOPAL,2023,4402,1267
530,MADHYAPRADESH_BHOPAL,2024,4360,1267
531,MADHYAPRADESH_BHOPAL,2025,4408,1267
532,MADHYAPRADESH_CHHATARPUR,2019,2425,1224
533,MADHYAPRADESH_CHHATARPUR,2020,2417,1225
534,MADHYAPRADESH_CHHATARPUR,2021,2411,1225
535,MADHYAPRADESH_CHHATARPUR,2022,2391,1217
536,MADHYAPRADESH_CHHATARPUR,2023,2384,1216
537,MADHYAPRADESH_CHHATARPUR,2024,2369,1212
538,MADHYAPRADESH_CHHATARPUR,2025,2357,1208
539,MADHYAPRADESH_DEWAS,2019,1676,696
540,MADHYAPRADESH_DEWAS,2020,1685,698
541,MADHYAPRADESH_DEWAS,2021,1701,701
542,MADHYAPRADESH_DEWAS,2022,1712,704
543,MADHYAPRADESH_DEWAS,2023,1720,707
544,MADHYAPRADESH_DEWAS,2024,1729,711
545,MADHYAPRADESH_DEWAS,2025,1740,714
546,MADHYAPRADESH_DHAR,2019,2745,1451
547,MADHYAPRADESH_DHAR,2020,2747,1451
548,MADHYAPRADESH_DHAR,2021,2749,1451
549,MADHYAPRADESH_DHAR,2022,2745,1450
550,MADHYAPRADESH_DHAR,2023,2748,1450
551,MADHYAPRADESH_DHAR,2024,2749,1450
552,MADHYAPRADESH_DHAR,2025,2753,1450
553,MADHYAPRADESH_GWALIOR,2019,3100,1200
554,MADHYAPRADESH_GWALIOR,2020,3095,1200
555,MADHYAPRADESH_GWALIOR,2021,3082,1196
556,MADHYAPRADESH_GWALIOR,2022,3073,1194
557,MADHYAPRADESH_GWALIOR,2023,3064,1191
558,MADHYAPRADESH_GWALIOR,2024,3054,1187
559,MADHYAPRADESH_GWALIOR,2025,3040,1183
560,MADHYAPRADESH_INDORE,2019,3220,1191
561,MADHYAPRADESH_INDORE,2020,3215,1186
562,MADHYAPRADESH_INDORE,2021,3199,1181
563,MADHYAPRADESH_INDORE,2022,3196,1177
564,MADHYAPRADESH_INDORE,2023,3187,1173
565,MADHYAPRADESH_INDORE,2024,3182,1168
566,MADHYAPRADESH_INDORE,2025,3173,1163
567,MADHYAPRADESH_JABALPUR,2019,3613,1431
568,MADHYAPRADESH_JABALPUR,2020,3608,1428
569,MADHYAPRADESH_JABALPUR,2021,3607,1426
570,MADHYAPRADESH_JABALPUR,2022,3599,1421
571,MADHYAPRADESH_JABALPUR,2023,3595,1417
572,MADHYAPRADESH_JABALPUR,2024,3589,1413
573,MADHYAPRADESH_JABALPUR,2025,3584,1409
574,MADHYAPRADESH_RATLAM,2019,2228,802
575,MADHYAPRADESH_RATLAM,2020,2226,803
576,MADHYAPRADESH_RATLAM,2021,2218,798
577,MADHYAPRADESH_RATLAM,2022,2214,795
578,MADHYAPRADESH_RATLAM,2023,2209,791
579,MADHYAPRADESH_RATLAM,2024,2205,788
580,MADHYAPRADESH_RATLAM,2025,2201,784
581,MADHYAPRADESH_SAGAR,2019,1770,611
582,MADHYAPRADESH_SAGAR,2020,1758,608
583,MADHYAPRADESH_SAGAR,2021,1751,604
584,MADHYAPRADESH_SAGAR,2022,1739,600
585,MADHYAPRADESH_SAGAR,2023,1731,597
586,MADHYAPRADESH_SAGAR,2024,1722,594
587,MADHYAPRADESH_SAGAR,2025,1714,592
588,MADHYAPRADESH_SATNA,2019,3318,1084
589,MADHYAPRADESH_SATNA,2020,3328,1085
590,MADHYAPRADESH_SATNA,2021,3332,1086
591,MADHYAPRADESH_SATNA,2022,3320,1082
592,MADHYAPRADESH_SATNA,2023,3312,1082
593,MADHYAPRADESH_SATNA,2024,3309,1079
594,MADHYAPRADESH_SATNA,2025,3299,1078
595,MADHYAPRADESH_SHAHDOL,2019,1300,495
596,MADHYAPRADESH_SHAHDOL,2020,1298,492
597,MADHYAPRADESH_SHAHDOL,2021,1294,495
598,MADHYAPRADESH_SHAHDOL,2022,1295,491
599,MADHYAPRADESH_SHAHDOL,2023,1288,490
600,MADHYAPRADESH_SHAHDOL,2024,1291,490
601,MADHYAPRADESH_SHAHDOL,2025,1284,488
602,MADHYAPRADESH_SINGRAULI,2019,1327,488
603,MADHYAPRADESH_SINGRAULI,2020,1319,486
604,MADHYAPRADESH_SINGRAULI,2021,1328,492
605,MADHYAPRADESH_SINGRAULI,2022,1329,491
606,MADHYAPRADESH_SINGRAULI,2023,1331,494
607,MADHYAPRADESH_SINGRAULI,2024,1334,494
608,MADHYAPRADESH_SINGRAULI,2025,1335,496
609,MADHYAPRADESH_UJJAIN,2019,2489,837
610,MADHYAPRADESH_UJJAIN,2020,2503,841
611,MADHYAPRADESH_UJJAIN,2021,2486,836
612,MADHYAPRADESH_UJJAIN,2022,2481,833
613,MADHYAPRADESH_UJJAIN,2023,2477,830
614,MADHYAPRADESH_UJJAIN,2024,2475,829
615,MADHYAPRADESH_UJJAIN,2025,2472,827
616,MAHARASHTRA_AKOLA,2019,1580,632
617,MAHARASHTRA_AKOLA,2020,1590,631
618,MAHARASHTRA_AKOLA,2021,1580,630
619,MAHARASHTRA_AKOLA,2022,1585,629
620,MAHARASHTRA_AKOLA,2023,1580,627
621,MAHARASHTRA_AKOLA,2024,1580,626
622,MAHARASHTRA_AKOLA,2025,1579,625
623,MAHARASHTRA_AMRAVATI,2019,3091,1146
624,MAHARASHTRA_AMRAVATI,2020,3074,1138
625,MAHARASHTRA_AMRAVATI,2021,3065,1135
626,MAHARASHTRA_AMRAVATI,2022,3062,1132
627,MAHARASHTRA_AMRAVATI,2023,3048,1126
628,MAHARASHTRA_AMRAVATI,2024,3035,1119
629,MAHARASHTRA_AMRAVATI,2025,3021,1113
630,MAHARASHTRA_AURANGABAD,2019,3122,1542
631,MAHARASHTRA_AURANGABAD,2020,3096,1537
632,MAHARASHTRA_AURANGABAD,2021,3170,1527
633,MAHARASHTRA_AURANGABAD,2022,3225,1519
634,MAHARASHTRA_AURANGABAD,2023,3252,1513
635,MAHARASHTRA_AURANGABAD,2024,3243,1509
636,MAHARASHTRA_AURANGABAD,2025,3168,1510
637,MAHARASHTRA_CHANDRAPUR,2019,2638,1113
638,MAHARASHTRA_CHANDRAPUR,2020,2649,1131
639,MAHARASHTRA_CHANDRAPUR,2021,2661,1156
640,MAHARASHTRA_CHANDRAPUR,2022,2662,1176
641,MAHARASHTRA_CHANDRAPUR,2023,2674,1196
642,MAHARASHTRA_CHANDRAPUR,2024,2697,1214
643,MAHARASHTRA_CHANDRAPUR,2025,2733,1230
644,MAHARASHTRA_JALGAON,2019,4332,1651
645,MAHARASHTRA_JALGAON,2020,4338,1657
646,MAHARASHTRA_JALGAON,2021,4363,1658
647,MAHARASHTRA_JALGAON,2022,4388,1659
648,MAHARASHTRA_JALGAON,2023,4407,1664
649,MAHARASHTRA_JALGAON,2024,4424,1669
650,MAHARASHTRA_JALGAON,2025,4443,1674
651,MAHARASHTRA_JALNA,2019,1409,527
652,MAHARASHTRA_JALNA,2020,1398,513
653,MAHARASHTRA_JALNA,2021,1388,509
654,MAHARASHTRA_JALNA,2022,1379,502
655,MAHARASHTRA_JALNA,2023,1373,499
656,MAHARASHTRA_JALNA,2024,1366,494
657,MAHARASHTRA_JALNA,2025,1360,490
658,MAHARASHTRA_KOLHAPUR,2019,3166,1510
659,MAHARASHTRA_KOLHAPUR,2020,3115,1504
660,MAHARASHTRA_KOLHAPUR,2021,3133,1507
661,MAHARASHTRA_KOLHAPUR,2022,3125,1508
662,MAHARASHTRA_KOLHAPUR,2023,3128,1511
663,MAHARASHTRA_KOLHAPUR,2024,3127,1513
664,MAHARASHTRA_KOLHAPUR,2025,3140,1515
665,MAHARASHTRA_LATUR,2019,1901,828
666,MAHARASHTRA_LATUR,2020,1892,822
667,MAHARASHTRA_LATUR,2021,1886,820
668,MAHARASHTRA_LATUR,2022,1881,819
669,MAHARASHTRA_LATUR,2023,1871,819
670,MAHARASHTRA_LATUR,2024,1864,818
671,MAHARASHTRA_LATUR,2025,1865,817
672,MAHARASHTRA_NAGPUR,2019,5457,2358
673,MAHARASHTRA_NAGPUR,2020,5451,2353
674,MAHARASHTRA_NAGPUR,2021,5480,2354
675,MAHARASHTRA_NAGPUR,2022,5480,2348
676,MAHARASHTRA_NAGPUR,2023,5458,2343
677,MAHARASHTRA_NAGPUR,2024,5426,2338
678,MAHARASHTRA_NAGPUR,2025,5394,2331
679,MAHARASHTRA_NANDED,2019,2801,1188
680,MAHARASHTRA_NANDED,2020,2758,1168
681,MAHARASHTRA_NANDED,2021,2741,1164
682,MAHARASHTRA_NANDED,2022,2747,1166
683,MAHARASHTRA_NANDED,2023,2755,1167
684,MAHARASHTRA_NANDED,2024,2757,1166
685,MAHARASHTRA_NANDED,2025,2754,1164
686,MAHARASHTRA_NASHIK,2019,5433,2696
687,MAHARASHTRA_NASHIK,2020,5443,2706
688,MAHARASHTRA_NASHIK,2021,5443,2707
689,MAHARASHTRA_NASHIK,2022,5444,2705
690,MAHARASHTRA_NASHIK,2023,5449,2707
691,MAHARASHTRA_NASHIK,2024,5452,2709
692,MAHARASHTRA_NASHIK,2025,5455,2710
693,MAHARASHTRA_PUNE,2019,8311,3841
694,MAHARASHTRA_PUNE,2020,8202,3828
695,MAHARASHTRA_PUNE,2021,8229,3831
696,MAHARASHTRA_PUNE,2022,8238,3836
697,MAHARASHTRA_PUNE,2023,8225,3832
698,MAHARASHTRA_PUNE,2024,8227,3830
699,MAHARASHTRA_PUNE,2025,8222,3833
700,MAHARASHTRA_RATNAGIRI,2019,2572,926
701,MAHARASHTRA_RATNAGIRI,2020,2413,913
702,MAHARASHTRA_RATNAGIRI,2021,2438,905
703,MAHARASHTRA_RATNAGIRI,2022,2434,901
704,MAHARASHTRA_RATNAGIRI,2023,2413,898
705,MAHARASHTRA_RATNAGIRI,2024,2395,896
706,MAHARASHTRA_RATNAGIRI,2025,2401,891
707,MAHARASHTRA_SANGLI,2019,2624,1106
708,MAHARASHTRA_SANGLI,2020,2630,1107
709,MAHARASHTRA_SANGLI,2021,2633,1106
710,MAHARASHTRA_SANGLI,2022,2634,1105
711,MAHARASHTRA_SANGLI,2023,2627,1103
712,MAHARASHTRA_SANGLI,2024,2623,1103
713,MAHARASHTRA_SANGLI,2025,2624,1103
714,MAHARASHTRA_SOLAPUR,2019,3832,1607
715,MAHARASHTRA_SOLAPUR,2020,3833,1605
716,MAHARASHTRA_SOLAPUR,2021,3833,1603
717,MAHARASHTRA_SOLAPUR,2022,3836,1603
718,MAHARASHTRA_SOLAPUR,2023,3844,1605
719,MAHARASHTRA_SOLAPUR,2024,3853,1607
720,MAHARASHTRA_SOLAPUR,2025,3858,1608
721,MAHARASHTRA_THANE,2019,9831,3230
722,MAHARASHTRA_THANE,2020,9798,3226
723,MAHARASHTRA_THANE,2021,9779,3224
724,MAHARASHTRA_THANE,2022,9761,3223
725,MAHARASHTRA_THANE,2023,9750,3222
726,MAHARASHTRA_THANE,2024,9739,3221
727,MAHARASHTRA_THANE,2025,9733,3221
728,MANIPUR_IMPHALWEST,2019,501,142
729,MANIPUR_IMPHALWEST,2020,498,153
730,MANIPUR_IMPHALWEST,2021,491,150
731,MANIPUR_IMPHALWEST,2022,514,156
732,MANIPUR_IMPHALWEST,2023,510,160
733,MANIPUR_IMPHALWEST,2024,506,163
734,MANIPUR_IMPHALWEST,2025,515,167
735,MEGHALAYA_EASTKHASIHILLS,2019,2412,598
736,MEGHALAYA_EASTKHASIHILLS,2020,2413,598
737,MEGHALAYA_EASTKHASIHILLS,2021,2419,602
738,MEGHALAYA_EASTKHASIHILLS,2022,2398,601
739,MEGHALAYA_EASTKHASIHILLS,2023,2376,601
740,MEGHALAYA_EASTKHASIHILLS,2024,2358,600
741,MEGHALAYA_EASTKHASIHILLS,2025,2352,601
742,MEGHALAYA_RIBHOI,2019,515,152
743,MEGHALAYA_RIBHOI,2020,415,82
744,MEGHALAYA_RIBHOI,2021,375,29
745,MEGHALAYA_RIBHOI,2022,356,16
746,MEGHALAYA_RIBHOI,2023,366,36
747,MEGHALAYA_RIBHOI,2024,390,56
748,MEGHALAYA_RIBHOI,2025,409,65
749,MIZORAM_AIZAWL,2019,1209,249
750,MIZORAM_AIZAWL,2020,1193,246
751,MIZORAM_AIZAWL,2021,1193,248
752,MIZORAM_AIZAWL,2022,1195,250
753,MIZORAM_AIZAWL,2023,1196,250
754,MIZORAM_AIZAWL,2024,1197,251
755,MIZORAM_AIZAWL,2025,1197,253
756,MIZORAM_CHAMPHAI,2019,188,47
757,MIZORAM_CHAMPHAI,2020,189,48
758,MIZORAM_CHAMPHAI,2021,190,48
759,MIZORAM_CHAMPHAI,2022,190,46
760,MIZORAM_CHAMPHAI,2023,190,46
761,MIZORAM_CHAMPHAI,2024,191,45
762,MIZORAM_CHAMPHAI,2025,192,44
763,MIZORAM_KOLASIB,2019,275,42
764,MIZORAM_KOLASIB,2020,267,42
765,MIZORAM_KOLASIB,2021,266,43
766,MIZORAM_KOLASIB,2022,276,42
767,MIZORAM_KOLASIB,2023,273,43
768,MIZORAM_KOLASIB,2024,279,44
769,MIZORAM_KOLASIB,2025,282,44
770,MIZORAM_LUNGLEI,2019,269,51
771,MIZORAM_LUNGLEI,2020,278,51
772,MIZORAM_LUNGLEI,2021,309,63
773,MIZORAM_LUNGLEI,2022,355,77
774,MIZORAM_LUNGLEI,2023,413,95
775,MIZORAM_LUNGLEI,2024,473,112
776,MIZORAM_LUNGLEI,2025,536,130
777,NAGALAND_DIMAPUR,2019,991,299
778,NAGALAND_DIMAPUR,2020,1004,309
779,NAGALAND_DIMAPUR,2021,1004,303
780,NAGALAND_DIMAPUR,2022,1016,307
781,NAGALAND_DIMAPUR,2023,1026,308
782,NAGALAND_DIMAPUR,2024,1034,308
783,NAGALAND_DIMAPUR,2025,1044,310
784,NAGALAND_WOKHA,2019,167,36
785,NAGALAND_WOKHA,2020,184,36
786,NAGALAND_WOKHA,2021,182,33
787,NAGALAND_WOKHA,2022,193,34
788,NAGALAND_WOKHA,2023,198,32
789,NAGALAND_WOKHA,2024,204,32
790,NAGALAND_WOKHA,2025,211,32
791,ODISHA_CUTTACK,2019,1648,661
792,ODISHA_CUTTACK,2020,1649,660
793,ODISHA_CUTTACK,2021,1644,657
794,ODISHA_CUTTACK,2022,1630,651
795,ODISHA_CUTTACK,2023,1618,645
796,ODISHA_CUTTACK,2024,1616,642
797,ODISHA_CUTTACK,2025,1611,638
798,ODISHA_GANJAM,2019,5055,1850
799,ODISHA_GANJAM,2020,5059,1851
800,ODISHA_GANJAM,2021,5050,1851
801,ODISHA_GANJAM,2022,5057,1852
802,ODISHA_GANJAM,2023,5052,1853
803,ODISHA_GANJAM,2024,5052,1854
804,ODISHA_GANJAM,2025,5045,1854
805,ODISHA_JHARSUGUDA,2019,799,454
806,ODISHA_JHARSUGUDA,2020,737,447
807,ODISHA_JHARSUGUDA,2021,725,452
808,ODISHA_JHARSUGUDA,2022,692,451
809,ODISHA_JHARSUGUDA,2023,674,452
810,ODISHA_JHARSUGUDA,2024,661,453
811,ODISHA_JHARSUGUDA,2025,652,454
812,ODISHA_KHORDHA,2019,1169,473
813,ODISHA_KHORDHA,2020,1199,478
814,ODISHA_KHORDHA,2021,1204,478
815,ODISHA_KHORDHA,2022,1203,474
816,ODISHA_KHORDHA,2023,1201,471
817,ODISHA_KHORDHA,2024,1203,471
818,ODISHA_KHORDHA,2025,1202,469
819,ODISHA_PURI,2019,1155,447
820,ODISHA_PURI,2020,1147,457
821,ODISHA_PURI,2021,1159,460
822,ODISHA_PURI,2022,1157,464
823,ODISHA_PURI,2023,1156,467
824,ODISHA_PURI,2024,1153,469
825,ODISHA_PURI,2025,1151,473
826,ODISHA_RAYAGADA,2019,1562,913
827,ODISHA_RAYAGADA,2020,1533,909
828,ODISHA_RAYAGADA,2021,1535,904
829,ODISHA_RAYAGADA,2022,1523,905
830,ODISHA_RAYAGADA,2023,1516,897
831,ODISHA_RAYAGADA,2024,1508,899
832,ODISHA_RAYAGADA,2025,1504,891
833,ODISHA_SAMBALPUR,2019,1501,553
834,ODISHA_SAMBALPUR,2020,1477,543
835,ODISHA_SAMBALPUR,2021,1478,545
836,ODISHA_SAMBALPUR,2022,1465,540
837,ODISHA_SAMBALPUR,2023,1460,540
838,ODISHA_SAMBALPUR,2024,1452,538
839,ODISHA_SAMBALPUR,2025,1445,537
840,ODISHA_SUNDARGARH,2019,3314,1321
841,ODISHA_SUNDARGARH,2020,3270,1307
842,ODISHA_SUNDARGARH,2021,3275,1309
843,ODISHA_SUNDARGARH,2022,3257,1304
844,ODISHA_SUNDARGARH,2023,3255,1302
845,ODISHA_SUNDARGARH,2024,3246,1299
846,ODISHA_SUNDARGARH,2025,3241,1296
847,PUNJAB_AMRITSAR,2019,3995,1373
848,PUNJAB_AMRITSAR,2020,3980,1379
849,PUNJAB_AMRITSAR,2021,3915,1354
850,PUNJAB_AMRITSAR,2022,3886,1334
851,PUNJAB_AMRITSAR,2023,3863,1327
852,PUNJAB_AMRITSAR,2024,3854,1332
853,PUNJAB_AMRITSAR,2025,3844,1336
854,PUNJAB_BATHINDA,2019,1942,814
855,PUNJAB_BATHINDA,2020,1983,816
856,PUNJAB_BATHINDA,2021,1938,814
857,PUNJAB_BATHINDA,2022,1959,815
858,PUNJAB_BATHINDA,2023,1951,815
859,PUNJAB_BATHINDA,2024,1946,814
860,PUNJAB_BATHINDA,2025,1949,814
861,PUNJAB_FARIDKOT,2019,1302,413
862,PUNJAB_FARIDKOT,2020,1306,423
863,PUNJAB_FARIDKOT,2021,1293,419
864,PUNJAB_FARIDKOT,2022,1301,421
865,PUNJAB_FARIDKOT,2023,1307,423
866,PUNJAB_FARIDKOT,2024,1310,424
867,PUNJAB_FARIDKOT,2025,1321,428
868,PUNJAB_FATEHGARHSAHIB,2019,623,262
869,PUNJAB_FATEHGARHSAHIB,2020,629,276
870,PUNJAB_FATEHGARHSAHIB,2021,619,268
871,PUNJAB_FATEHGARHSAHIB,2022,617,269
872,PUNJAB_FATEHGARHSAHIB,2023,618,269
873,PUNJAB_FATEHGARHSAHIB,2024,617,268
874,PUNJAB_FATEHGARHSAHIB,2025,615,267
875,PUNJAB_GURDASPUR,2019,2710,1191
876,PUNJAB_GURDASPUR,2020,2705,1191
877,PUNJAB_GURDASPUR,2021,2687,1184
878,PUNJAB_GURDASPUR,2022,2681,1182
879,PUNJAB_GURDASPUR,2023,2664,1179
880,PUNJAB_GURDASPUR,2024,2662,1176
881,PUNJAB_GURDASPUR,2025,2646,1173
882,PUNJAB_HOSHIARPUR,2019,1762,688
883,PUNJAB_HOSHIARPUR,2020,1743,691
884,PUNJAB_HOSHIARPUR,2021,1742,688
885,PUNJAB_HOSHIARPUR,2022,1731,687
886,PUNJAB_HOSHIARPUR,2023,1734,687
887,PUNJAB_HOSHIARPUR,2024,1731,686
888,PUNJAB_HOSHIARPUR,2025,1731,686
889,PUNJAB_JALANDHAR,2019,3171,1242
890,PUNJAB_JALANDHAR,2020,3124,1243
891,PUNJAB_JALANDHAR,2021,3142,1236
892,PUNJAB_JALANDHAR,2022,3138,1235
893,PUNJAB_JALANDHAR,2023,3138,1233
894,PUNJAB_JALANDHAR,2024,3141,1232
895,PUNJAB_JALANDHAR,2025,3141,1230
896,PUNJAB_LUDHIANA,2019,5378,1754
897,PUNJAB_LUDHIANA,2020,5351,1749
898,PUNJAB_LUDHIANA,2021,5334,1758
899,PUNJAB_LUDHIANA,2022,5315,1757
900,PUNJAB_LUDHIANA,2023,5310,1760
901,PUNJAB_LUDHIANA,2024,5289,1763
902,PUNJAB_LUDHIANA,2025,5283,1766
903,PUNJAB_MOGA,2019,1154,467
904,PUNJAB_MOGA,2020,1183,474
905,PUNJAB_MOGA,2021,1148,467
906,PUNJAB_MOGA,2022,1164,468
907,PUNJAB_MOGA,2023,1161,469
908,PUNJAB_MOGA,2024,1160,468
909,PUNJAB_MOGA,2025,1160,468
910,PUNJAB_PATIALA,2019,2783,947
911,PUNJAB_PATIALA,2020,2775,962
912,PUNJAB_PATIALA,2021,2784,956
913,PUNJAB_PATIALA,2022,2771,956
914,PUNJAB_PATIALA,2023,2766,956
915,PUNJAB_PATIALA,2024,2760,955
916,PUNJAB_PATIALA,2025,2751,954
917,PUNJAB_RUPNAGAR,2019,1139,466
918,PUNJAB_RUPNAGAR,2020,1172,483
919,PUNJAB_RUPNAGAR,2021,1162,484
920,PUNJAB_RUPNAGAR,2022,1178,489
921,PUNJAB_RUPNAGAR,2023,1193,493
922,PUNJAB_RUPNAGAR,2024,1207,498
923,PUNJAB_RUPNAGAR,2025,1220,502
924,PUNJAB_SAHIBZADAAJITSINGHNAGAR,2019,991,394
925,PUNJAB_SAHIBZADAAJITSINGHNAGAR,2020,1042,408
926,PUNJAB_SAHIBZADAAJITSINGHNAGAR,2021,1003,401
927,PUNJAB_SAHIBZADAAJITSINGHNAGAR,2022,1001,400
928,PUNJAB_SAHIBZADAAJITSINGHNAGAR,2023,999,399
929,PUNJAB_SAHIBZADAAJITSINGHNAGAR,2024,992,398
930,PUNJAB_SAHIBZADAAJITSINGHNAGAR,2025,988,397
931,PUNJAB_SANGRUR,2019,2092,759
932,PUNJAB_SANGRUR,2020,2095,772
933,PUNJAB_SANGRUR,2021,2093,764
934,PUNJAB_SANGRUR,2022,2091,765
935,PUNJAB_SANGRUR,2023,2090,765
936,PUNJAB_SANGRUR,2024,2086,763
937,PUNJAB_SANGRUR,2025,2085,763
938,RAJASTHAN_ALWAR,2019,8925,3601
939,RAJASTHAN_ALWAR,2020,8752,3599
940,RAJASTHAN_ALWAR,2021,8822,3598
941,RAJASTHAN_ALWAR,2022,8784,3594
942,RAJASTHAN_ALWAR,2023,8780,3589
943,RAJASTHAN_ALWAR,2024,8775,3587
944,RAJASTHAN_ALWAR,2025,8761,3583
945,RAJASTHAN_BUNDI,2019,1436,447
946,RAJASTHAN_BUNDI,2020,1469,449
947,RAJASTHAN_BUNDI,2021,1431,439
948,RAJASTHAN_BUNDI,2022,1436,437
949,RAJASTHAN_BUNDI,2023,1422,432
950,RAJASTHAN_BUNDI,2024,1426,434
951,RAJASTHAN_BUNDI,2025,1427,436
952,RAJASTHAN_JAIPUR,2019,14328,5504
953,RAJASTHAN_JAIPUR,2020,14257,5490
954,RAJASTHAN_JAIPUR,2021,14290,5495
955,RAJASTHAN_JAIPUR,2022,14241,5487
956,RAJASTHAN_JAIPUR,2023,14240,5486
957,RAJASTHAN_JAIPUR,2024,14223,5483
958,RAJASTHAN_JAIPUR,2025,14205,5480
959,RAJASTHAN_JODHPUR,2019,4518,1343
960,RAJASTHAN_JODHPUR,2020,4453,1346
961,RAJASTHAN_JODHPUR,2021,4509,1342
962,RAJASTHAN_JODHPUR,2022,4467,1340
963,RAJASTHAN_JODHPUR,2023,4493,1342
964,RAJASTHAN_JODHPUR,2024,4483,1339
965,RAJASTHAN_JODHPUR,2025,4485,1339
966,RAJASTHAN_KOTA,2019,2942,1057
967,RAJASTHAN_KOTA,2020,2937,1051
968,RAJASTHAN_KOTA,2021,2863,1029
969,RAJASTHAN_KOTA,2022,2847,1021
970,RAJASTHAN_KOTA,2023,2792,1004
971,RAJASTHAN_KOTA,2024,2777,996
972,RAJASTHAN_KOTA,2025,2726,981
973,RAJASTHAN_UDAIPUR,2019,6404,2621
974,RAJASTHAN_UDAIPUR,2020,6338,2613
975,RAJASTHAN_UDAIPUR,2021,6304,2611
976,RAJASTHAN_UDAIPUR,2022,6266,2608
977,RAJASTHAN_UDAIPUR,2023,6238,2607
978,RAJASTHAN_UDAIPUR,2024,6197,2605
979,RAJASTHAN_UDAIPUR,2025,6161,2602
980,TAMILNADU_CHENNAI,2019,6992,2584
981,TAMILNADU_CHENNAI,2020,6901,2578
982,TAMILNADU_CHENNAI,2021,6900,2577
983,TAMILNADU_CHENNAI,2022,6926,2578
984,TAMILNADU_CHENNAI,2023,6948,2578
985,TAMILNADU_CHENNAI,2024,6961,2577
986,TAMILNADU_CHENNAI,2025,6975,2577
987,TAMILNADU_COIMBATORE,2019,3434,1630
988,TAMILNADU_COIMBATORE,2020,3400,1622
989,TAMILNADU_COIMBATORE,2021,3383,1619
990,TAMILNADU_COIMBATORE,2022,3373,1614
991,TAMILNADU_COIMBATORE,2023,3358,1608
992,TAMILNADU_COIMBATORE,2024,3338,1602
993,TAMILNADU_COIMBATORE,2025,3329,1598
994,TAMILNADU_CUDDALORE,2019,3558,1193
995,TAMILNADU_CUDDALORE,2020,3567,1196
996,TAMILNADU_CUDDALORE,2021,3568,1196
997,TAMILNADU_CUDDALORE,2022,3571,1199
998,TAMILNADU_CUDDALORE,2023,3573,1200
999,TAMILNADU_CUDDALORE,2024,3575,1202
1000,TAMILNADU_CUDDALORE,2025,3578,1204
1001,TAMILNADU_MADURAI,2019,3706,1518
1002,TAMILNADU_MADURAI,2020,3733,1513
1003,TAMILNADU_MADURAI,2021,3722,1515
1004,TAMILNADU_MADURAI,2022,3719,1509
1005,TAMILNADU_MADURAI,2023,3708,1507
1006,TAMILNADU_MADURAI,2024,3707,1504
1007,TAMILNADU_MADURAI,2025,3698,1501
1008,TAMILNADU_SALEM,2019,3306,1528
1009,TAMILNADU_SALEM,2020,3322,1536
1010,TAMILNADU_SALEM,2021,3326,1538
1011,TAMILNADU_SALEM,2022,3335,1543
1012,TAMILNADU_SALEM,2023,3342,1548
1013,TAMILNADU_SALEM,2024,3351,1552
1014,TAMILNADU_SALEM,2025,3359,1557
1015,TAMILNADU_TIRUCHIRAPPALLI,2019,3253,1561
1016,TAMILNADU_TIRUCHIRAPPALLI,2020,3263,1565
1017,TAMILNADU_TIRUCHIRAPPALLI,2021,3272,1569
1018,TAMILNADU_TIRUCHIRAPPALLI,2022,3275,1572
1019,TAMILNADU_TIRUCHIRAPPALLI,2023,3279,1575
1020,TAMILNADU_TIRUCHIRAPPALLI,2024,3284,1578
1021,TAMILNADU_TIRUCHIRAPPALLI,2025,3289,1581
1022,TELANGANA_HYDERABAD,2019,6031,2335
1023,TELANGANA_HYDERABAD,2020,6086,2341
1024,TELANGANA_HYDERABAD,2021,6076,2342
1025,TELANGANA_HYDERABAD,2022,6049,2342
1026,TELANGANA_HYDERABAD,2023,6021,2343
1027,TELANGANA_HYDERABAD,2024,5999,2343
1028,TELANGANA_HYDERABAD,2025,5987,2344
1029,TELANGANA_KARIMNAGAR,2019,1702,744
1030,TELANGANA_KARIMNAGAR,2020,1656,741
1031,TELANGANA_KARIMNAGAR,2021,1644,740
1032,TELANGANA_KARIMNAGAR,2022,1635,739
1033,TELANGANA_KARIMNAGAR,2023,1619,737
1034,TELANGANA_KARIMNAGAR,2024,1605,736
1035,TELANGANA_KARIMNAGAR,2025,1593,735
1036,TELANGANA_KHAMMAM,2019,1355,1150
1037,TELANGANA_KHAMMAM,2020,1366,1156
1038,TELANGANA_KHAMMAM,2021,1377,1159
1039,TELANGANA_KHAMMAM,2022,1375,1162
1040,TELANGANA_KHAMMAM,2023,1395,1167
1041,TELANGANA_KHAMMAM,2024,1396,1170
1042,TELANGANA_KHAMMAM,2025,1413,1174
1043,TELANGANA_MEDAK,2019,2911,1367
1044,TELANGANA_MEDAK,2020,2901,1362
1045,TELANGANA_MEDAK,2021,2891,1360
1046,TELANGANA_MEDAK,2022,2892,1359
1047,TELANGANA_MEDAK,2023,2889,1358
1048,TELANGANA_MEDAK,2024,2882,1356
1049,TELANGANA_MEDAK,2025,2878,1354
1050,TELANGANA_NALGONDA,2019,1610,923
1051,TELANGANA_NALGONDA,2020,1594,923
1052,TELANGANA_NALGONDA,2021,1590,921
1053,TELANGANA_NALGONDA,2022,1575,919
1054,TELANGANA_NALGONDA,2023,1565,918
1055,TELANGANA_NALGONDA,2024,1558,916
1056,TELANGANA_NALGONDA,2025,1555,914
1057,TELANGANA_NIZAMABAD,2019,1924,1221
1058,TELANGANA_NIZAMABAD,2020,1913,1217
1059,TELANGANA_NIZAMABAD,2021,1911,1218
1060,TELANGANA_NIZAMABAD,2022,1911,1218
1061,TELANGANA_NIZAMABAD,2023,1909,1217
1062,TELANGANA_NIZAMABAD,2024,1907,1217
1063,TELANGANA_NIZAMABAD,2025,1905,1216
1064,TELANGANA_SANGAREDDY,2019,2360,2306
1065,TELANGANA_SANGAREDDY,2020,2352,2304
1066,TELANGANA_SANGAREDDY,2021,2311,2301
1067,TELANGANA_SANGAREDDY,2022,2320,2294
1068,TELANGANA_SANGAREDDY,2023,2315,2289
1069,TELANGANA_SANGAREDDY,2024,2307,2291
1070,TELANGANA_SANGAREDDY,2025,2313,2294
1071,TELANGANA_WARANGALURBAN,2019,1508,911
1072,TELANGANA_WARANGALURBAN,2020,1512,909
1073,TELANGANA_WARANGALURBAN,2021,1507,907
1074,TELANGANA_WARANGALURBAN,2022,1504,905
1075,TELANGANA_WARANGALURBAN,2023,1501,903
1076,TELANGANA_WARANGALURBAN,2024,1496,902
1077,TELANGANA_WARANGALURBAN,2025,1492,900
1078,UTTARAKHAND_DEHRADUN,2019,2557,745
1079,UTTARAKHAND_DEHRADUN,2020,2506,737
1080,UTTARAKHAND_DEHRADUN,2021,2463,733
1081,UTTARAKHAND_DEHRADUN,2022,2399,726
1082,UTTARAKHAND_DEHRADUN,2023,2361,729
1083,UTTARAKHAND_DEHRADUN,2024,2300,723
1084,UTTARAKHAND_DEHRADUN,2025,2276,725
1085,UTTARAKHAND_NAINITAL,2019,1891,620
1086,UTTARAKHAND_NAINITAL,2020,1844,618
1087,UTTARAKHAND_NAINITAL,2021,1846,618
1088,UTTARAKHAND_NAINITAL,2022,1813,613
1089,UTTARAKHAND_NAINITAL,2023,1812,614
1090,UTTARAKHAND_NAINITAL,2024,1794,612
1091,UTTARAKHAND_NAINITAL,2025,1795,612
1092,UTTARAKHAND_RUDRAPRAYAG,2019,316,135
1093,UTTARAKHAND_RUDRAPRAYAG,2020,347,139
1094,UTTARAKHAND_RUDRAPRAYAG,2021,349,143
1095,UTTARAKHAND_RUDRAPRAYAG,2022,367,146
1096,UTTARAKHAND_RUDRAPRAYAG,2023,383,148
1097,UTTARAKHAND_RUDRAPRAYAG,2024,400,152
1098,UTTARAKHAND_RUDRAPRAYAG,2025,416,156
1099,UTTARPRADESH_AGRA,2019,6758,2073
1100,UTTARPRADESH_AGRA,2020,6700,2056
1101,UTTARPRADESH_AGRA,2021,6619,2039
1102,UTTARPRADESH_AGRA,2022,6563,2022
1103,UTTARPRADESH_AGRA,2023,6504,2008
1104,UTTARPRADESH_AGRA,2024,6458,1995
1105,UTTARPRADESH_AGRA,2025,6406,1981
1106,UTTARPRADESH_ALLAHABAD,2019,8211,3625
1107,UTTARPRADESH_ALLAHABAD,2020,8185,3622
1108,UTTARPRADESH_ALLAHABAD,2021,8194,3628
1109,UTTARPRADESH_ALLAHABAD,2022,8156,3625
1110,UTTARPRADESH_ALLAHABAD,2023,8135,3627
1111,UTTARPRADESH_ALLAHABAD,2024,8104,3626
1112,UTTARPRADESH_ALLAHABAD,2025,8083,3628
1113,UTTARPRADESH_BAREILLY,2019,5446,3038
1114,UTTARPRADESH_BAREILLY,2020,5433,3039
1115,UTTARPRADESH_BAREILLY,2021,5481,3043
1116,UTTARPRADESH_BAREILLY,2022,5515,3038
1117,UTTARPRADESH_BAREILLY,2023,5562,3038
1118,UTTARPRADESH_BAREILLY,2024,5604,3037
1119,UTTARPRADESH_BAREILLY,2025,5643,3035
1120,UTTARPRADESH_BULANDSHAHR,2019,6895,2569
1121,UTTARPRADESH_BULANDSHAHR,2020,6861,2565
1122,UTTARPRADESH_BULANDSHAHR,2021,6895,2571
1123,UTTARPRADESH_BULANDSHAHR,2022,6883,2572
1124,UTTARPRADESH_BULANDSHAHR,2023,6868,2573
1125,UTTARPRADESH_BULANDSHAHR,2024,6852,2574
1126,UTTARPRADESH_BULANDSHAHR,2025,6828,2575
1127,UTTARPRADESH_FIROZABAD,2019,3788,1360
1128,UTTARPRADESH_FIROZABAD,2020,3782,1348
1129,UTTARPRADESH_FIROZABAD,2021,3777,1343
1130,UTTARPRADESH_FIROZABAD,2022,3775,1334
1131,UTTARPRADESH_FIROZABAD,2023,3765,1326
1132,UTTARPRADESH_FIROZABAD,2024,3765,1321
1133,UTTARPRADESH_FIROZABAD,2025,3758,1316
1134,UTTARPRADESH_GHAZIABAD,2019,8842,3222
1135,UTTARPRADESH_GHAZIABAD,2020,8657,3202
1136,UTTARPRADESH_GHAZIABAD,2021,8743,3207
1137,UTTARPRADESH_GHAZIABAD,2022,8793,3207
1138,UTTARPRADESH_GHAZIABAD,2023,8823,3206
1139,UTTARPRADESH_GHAZIABAD,2024,8802,3202
1140,UTTARPRADESH_GHAZIABAD,2025,8791,3198
1141,UTTARPRADESH_GORAKHPUR,2019,4748,2529
1142,UTTARPRADESH_GORAKHPUR,2020,4761,2527
1143,UTTARPRADESH_GORAKHPUR,2021,4769,2536
1144,UTTARPRADESH_GORAKHPUR,2022,4806,2538
1145,UTTARPRADESH_GORAKHPUR,2023,4801,2542
1146,UTTARPRADESH_GORAKHPUR,2024,4825,2547
1147,UTTARPRADESH_GORAKHPUR,2025,4846,2551
1148,UTTARPRADESH_JHANSI,2019,2722,1272
1149,UTTARPRADESH_JHANSI,2020,2725,1274
1150,UTTARPRADESH_JHANSI,2021,2725,1271
1151,UTTARPRADESH_JHANSI,2022,2729,1269
1152,UTTARPRADESH_JHANSI,2023,2733,1267
1153,UTTARPRADESH_JHANSI,2024,2737,1265
1154,UTTARPRADESH_JHANSI,2025,2741,1263
1155,UTTARPRADESH_KANPURNAGAR,2019,6698,2718
1156,UTTARPRADESH_KANPURNAGAR,2020,6698,2713
1157,UTTARPRADESH_KANPURNAGAR,2021,6693,2707
1158,UTTARPRADESH_KANPURNAGAR,2022,6681,2699
1159,UTTARPRADESH_KANPURNAGAR,2023,6678,2692
1160,UTTARPRADESH_KANPURNAGAR,2024,6670,2686
1161,UTTARPRADESH_KANPURNAGAR,2025,6664,2679
1162,UTTARPRADESH_LUCKNOW,2019,6973,2863
1163,UTTARPRADESH_LUCKNOW,2020,6951,2856
1164,UTTARPRADESH_LUCKNOW,2021,6955,2857
1165,UTTARPRADESH_LUCKNOW,2022,6926,2849
1166,UTTARPRADESH_LUCKNOW,2023,6925,2848
1167,UTTARPRADESH_LUCKNOW,2024,6904,2842
1168,UTTARPRADESH_LUCKNOW,2025,6900,2839
1169,UTTARPRADESH_MATHURA,2019,3825,1887
1170,UTTARPRADESH_MATHURA,2020,3806,1872
1171,UTTARPRADESH_MATHURA,2021,3816,1874
1172,UTTARPRADESH_MATHURA,2022,3797,1869
1173,UTTARPRADESH_MATHURA,2023,3808,1863
1174,UTTARPRADESH_MATHURA,2024,3788,1860
1175,UTTARPRADESH_MATHURA,2025,3795,1856
1176,UTTARPRADESH_MEERUT,2019,6827,3105
1177,UTTARPRADESH_MEERUT,2020,6776,3093
1178,UTTARPRADESH_MEERUT,2021,6732,3085
1179,UTTARPRADESH_MEERUT,2022,6703,3080
1180,UTTARPRADESH_MEERUT,2023,6673,3074
1181,UTTARPRADESH_MEERUT,2024,6663,3070
1182,UTTARPRADESH_MEERUT,2025,6645,3064
1183,UTTARPRADESH_MORADABAD,2019,4765,2472
1184,UTTARPRADESH_MORADABAD,2020,4820,2466
1185,UTTARPRADESH_MORADABAD,2021,4754,2461
1186,UTTARPRADESH_MORADABAD,2022,4847,2466
1187,UTTARPRADESH_MORADABAD,2023,4763,2456
1188,UTTARPRADESH_MORADABAD,2024,4859,2463
1189,UTTARPRADESH_MORADABAD,2025,4788,2453
1190,UTTARPRADESH_SAHARANPUR,2019,5518,2601
1191,UTTARPRADESH_SAHARANPUR,2020,5448,2577
1192,UTTARPRADESH_SAHARANPUR,2021,5410,2555
1193,UTTARPRADESH_SAHARANPUR,2022,5373,2538
1194,UTTARPRADESH_SAHARANPUR,2023,5338,2517
1195,UTTARPRADESH_SAHARANPUR,2024,5299,2499
1196,UTTARPRADESH_SAHARANPUR,2025,5273,2479
1197,UTTARPRADESH_SONBHADRA,2019,1939,1143
1198,UTTARPRADESH_SONBHADRA,2020,1929,1135
1199,UTTARPRADESH_SONBHADRA,2021,1959,1137
1200,UTTARPRADESH_SONBHADRA,2022,1923,1136
1201,UTTARPRADESH_SONBHADRA,2023,1937,1132
1202,UTTARPRADESH_SONBHADRA,2024,1940,1134
1203,UTTARPRADESH_SONBHADRA,2025,1920,1130
1204,UTTARPRADESH_UNNAO,2019,4090,2018
1205,UTTARPRADESH_UNNAO,2020,4049,2015
1206,UTTARPRADESH_UNNAO,2021,4016,2007
1207,UTTARPRADESH_UNNAO,2022,4003,2006
1208,UTTARPRADESH_UNNAO,2023,3974,1997
1209,UTTARPRADESH_UNNAO,2024,3970,1998
1210,UTTARPRADESH_UNNAO,2025,3945,1989
1211,UTTARPRADESH_VARANASI,2019,5036,2130
1212,UTTARPRADESH_VARANASI,2020,5015,2127
1213,UTTARPRADESH_VARANASI,2021,5006,2126
1214,UTTARPRADESH_VARANASI,2022,5013,2125
1215,UTTARPRADESH_VARANASI,2023,5019,2124
1216,UTTARPRADESH_VARANASI,2024,5021,2123
1217,UTTARPRADESH_VARANASI,2025,5017,2122
1218,WESTBENGAL_BANKURA,2019,4022,1847
1219,WESTBENGAL_BANKURA,2020,4015,1836
1220,WESTBENGAL_BANKURA,2021,4002,1836
1221,WESTBENGAL_BANKURA,2022,3998,1829
1222,WESTBENGAL_BANKURA,2023,3974,1823
1223,WESTBENGAL_BANKURA,2024,3973,1818
1224,WESTBENGAL_BANKURA,2025,3958,1813
1225,WESTBENGAL_MALDAH,2019,4836,2387
1226,WESTBENGAL_MALDAH,2020,4835,2387
1227,WESTBENGAL_MALDAH,2021,4843,2388
1228,WESTBENGAL_MALDAH,2022,4841,2388
1229,WESTBENGAL_MALDAH,2023,4846,2389
1230,WESTBENGAL_MALDAH,2024,4848,2390
1231,WESTBENGAL_MALDAH,2025,4850,2391
1232,WESTBENGAL_MURSHIDABAD,2019,6181,3880
1233,WESTBENGAL_MURSHIDABAD,2020,6179,3880
1234,WESTBENGAL_MURSHIDABAD,2021,6176,3879
1235,WESTBENGAL_MURSHIDABAD,2022,6174,3878
1236,WESTBENGAL_MURSHIDABAD,2023,6171,3878
1237,WESTBENGAL_MURSHIDABAD,2024,6169,3877
1238,WESTBENGAL_MURSHIDABAD,2025,6167,3876
1239,WESTBENGAL_NADIA,2019,4018,2104
1240,WESTBENGAL_NADIA,2020,4012,2100
1241,WESTBENGAL_NADIA,2021,4005,2097
1242,WESTBENGAL_NADIA,2022,3999,2094
1243,WESTBENGAL_NADIA,2023,3993,2090
1244,WESTBENGAL_NADIA,2024,3987,2087
1245,WESTBENGAL_NADIA,2025,3982,2084
1246,WESTBENGAL_PURBAMEDINIPUR,2019,3366,1761
1247,WESTBENGAL_PURBAMEDINIPUR,2020,3328,1738
1248,WESTBENGAL_PURBAMEDINIPUR,2021,3285,1736
1249,WESTBENGAL_PURBAMEDINIPUR,2022,3203,1721
1250,WESTBENGAL_PURBAMEDINIPUR,2023,3156,1721
1251,WESTBENGAL_PURBAMEDINIPUR,2024,3082,1701
1252,WESTBENGAL_PURBAMEDINIPUR,2025,3065,1701
