Location,Year,total_cases,newsmearpositivecases
ANDHRAPRADESH_ANANTAPUR,2019,5260.7314,2438.644
ANDHRAPRADESH_ANANTAPUR,2020,5223.5566,2429.8025
ANDHRAPRADESH_ANANTAPUR,2021,5232.6597,2425.2412
ANDHRAPRADESH_ANANTAPUR,2022,5194.3457,2420.373
ANDHRAPRADESH_ANANTAPUR,2023,5268.6743,2435.5269
ANDHRAPRADESH_ANANTAPUR,2024,5249.88,2432.6387
ANDHRAPRADESH_ANANTAPUR,2025,5249.9067,2431.616
ANDHRAPRADESH_CHITTOOR,2019,4834.963,2296.269
ANDHRAPRADESH_CHITTOOR,2020,4816.9253,2294.8066
ANDHRAPRADESH_CHITTOOR,2021,4977.3877,2340.7336
ANDHRAPRADESH_CHITTOOR,2022,5061.0205,2386.539
ANDHRAPRADESH_CHITTOOR,2023,5161.6084,2414.0845
ANDHRAPRADESH_CHITTOOR,2024,5112.5415,2394.5989
ANDHRAPRADESH_CHITTOOR,2025,5160.431,2393.1606
ANDHRAPRADESH_EASTGODAVARI,2019,12061.519,6066.9956
ANDHRAPRADESH_EASTGODAVARI,2020,12055.191,6066.9844
ANDHRAPRADESH_EASTGODAVARI,2021,12061.129,6070.4414
ANDHRAPRADESH_EASTGODAVARI,2022,12069.335,6077.812
ANDHRAPRADESH_EASTGODAVARI,2023,12076.257,6080.1304
ANDHRAPRADESH_EASTGODAVARI,2024,12078.062,6085.8066
ANDHRAPRADESH_EASTGODAVARI,2025,12088.512,6090.6733
ANDHRAPRADESH_GUNTUR,2019,6926.007,3225.6533
ANDHRAPRADESH_GUNTUR,2020,6987.417,3253.1975
ANDHRAPRADESH_GUNTUR,2021,6976.509,3245.0256
ANDHRAPRADESH_GUNTUR,2022,6984.7686,3247.9595
ANDHRAPRADESH_GUNTUR,2023,6946.8164,3227.2188
ANDHRAPRADESH_GUNTUR,2024,6994.4644,3248.8774
ANDHRAPRADESH_GUNTUR,2025,6983.032,3241.9348
ANDHRAPRADESH_KRISHNA,2019,5304.004,2486.5352
ANDHRAPRADESH_KRISHNA,2020,5337.8174,2494.231
ANDHRAPRADESH_KRISHNA,2021,5329.9453,2493.3926
ANDHRAPRADESH_KRISHNA,2022,5361.252,2502.0232
ANDHRAPRADESH_KRISHNA,2023,5363.483,2503.1929
ANDHRAPRADESH_KRISHNA,2024,5380.7046,2506.962
ANDHRAPRADESH_KRISHNA,2025,5403.5273,2513.59
ANDHRAPRADESH_KURNOOL,2019,5969.792,2186.898
ANDHRAPRADESH_KURNOOL,2020,5957.0596,2191.7007
ANDHRAPRADESH_KURNOOL,2021,5970.15,2188.3853
ANDHRAPRADESH_KURNOOL,2022,5960.4043,2184.1418
ANDHRAPRADESH_KURNOOL,2023,5959.2407,2183.517
ANDHRAPRADESH_KURNOOL,2024,5942.175,2180.5632
ANDHRAPRADESH_KURNOOL,2025,5952.475,2181.2932
ANDHRAPRADESH_PRAKASAM,2019,4204.969,1864.195
ANDHRAPRADESH_PRAKASAM,2020,4197.8633,1867.8572
ANDHRAPRADESH_PRAKASAM,2021,4191.1353,1870.2031
ANDHRAPRADESH_PRAKASAM,2022,4169.5513,1868.9053
ANDHRAPRADESH_PRAKASAM,2023,4192.9233,1876.9121
ANDHRAPRADESH_PRAKASAM,2024,4161.6777,1874.6882
ANDHRAPRADESH_PRAKASAM,2025,4169.5063,1878.0999
ANDHRAPRADESH_SRIKAKULAM,2019,3472.8643,1684.0594
ANDHRAPRADESH_SRIKAKULAM,2020,3466.0337,1688.2616
ANDHRAPRADESH_SRIKAKULAM,2021,3473.8062,1698.0459
ANDHRAPRADESH_SRIKAKULAM,2022,3474.0005,1701.7166
ANDHRAPRADESH_SRIKAKULAM,2023,3475.0508,1710.1467
ANDHRAPRADESH_SRIKAKULAM,2024,3477.7383,1714.2625
ANDHRAPRADESH_SRIKAKULAM,2025,3479.0325,1722.857
ANDHRAPRADESH_SRIPOTTISRIRAMULUNELLORE,2019,3463.3628,1641.2717
ANDHRAPRADESH_SRIPOTTISRIRAMULUNELLORE,2020,3440.801,1645.7092
ANDHRAPRADESH_SRIPOTTISRIRAMULUNELLORE,2021,3515.983,1655.2311
ANDHRAPRADESH_SRIPOTTISRIRAMULUNELLORE,2022,3502.1465,1655.7212
ANDHRAPRADESH_SRIPOTTISRIRAMULUNELLORE,2023,3538.454,1658.0656
ANDHRAPRADESH_SRIPOTTISRIRAMULUNELLORE,2024,3524.1384,1660.5825
ANDHRAPRADESH_SRIPOTTISRIRAMULUNELLORE,2025,3571.1392,1665.966
ANDHRAPRADESH_VISAKHAPATNAM,2019,5629.3174,2780.1301
ANDHRAPRADESH_VISAKHAPATNAM,2020,5613.3965,2788.167
ANDHRAPRADESH_VISAKHAPATNAM,2021,5599.0693,2798.388
ANDHRAPRADESH_VISAKHAPATNAM,2022,5584.052,2808.28
ANDHRAPRADESH_VISAKHAPATNAM,2023,5560.449,2814.683
ANDHRAPRADESH_VISAKHAPATNAM,2024,5532.5806,2821.3462
ANDHRAPRADESH_VISAKHAPATNAM,2025,5522.981,2829.7305
ANDHRAPRADESH_VIZIANAGARAM,2019,3923.7468,1669.8708
ANDHRAPRADESH_VIZIANAGARAM,2020,3911.4314,1674.1517
ANDHRAPRADESH_VIZIANAGARAM,2021,3906.8167,1678.2273
ANDHRAPRADESH_VIZIANAGARAM,2022,3894.786,1682.8009
ANDHRAPRADESH_VIZIANAGARAM,2023,3892.6675,1688.3484
ANDHRAPRADESH_VIZIANAGARAM,2024,3876.129,1691.1401
ANDHRAPRADESH_VIZIANAGARAM,2025,3878.4353,1698.0695
ARUNACHALPRADESH_PAPUMPARE,2019,926.5241,205.39227
ARUNACHALPRADESH_PAPUMPARE,2020,955.7647,208.30263
ARUNACHALPRADESH_PAPUMPARE,2021,922.8777,193.51437
ARUNACHALPRADESH_PAPUMPARE,2022,937.49023,201.01402
ARUNACHALPRADESH_PAPUMPARE,2023,913.65155,186.5797
ARUNACHALPRADESH_PAPUMPARE,2024,943.2479,200.43701
ARUNACHALPRADESH_PAPUMPARE,2025,934.3084,193.89413
ASSAM_BONGAIGAON,2019,967.8622,482.16846
ASSAM_BONGAIGAON,2020,952.165,468.11954
ASSAM_BONGAIGAON,2021,936.05634,470.34045
ASSAM_BONGAIGAON,2022,915.2757,460.51096
ASSAM_BONGAIGAON,2023,912.48706,466.01855
ASSAM_BONGAIGAON,2024,898.8934,458.03088
ASSAM_BONGAIGAON,2025,888.14545,461.4865
ASSAM_CACHAR,2019,2292.354,835.8684
ASSAM_CACHAR,2020,2215.9097,805.1231
ASSAM_CACHAR,2021,2212.2688,783.443
ASSAM_CACHAR,2022,2193.6394,772.96063
ASSAM_CACHAR,2023,2189.5657,767.31274
ASSAM_CACHAR,2024,2160.0356,759.5299
ASSAM_CACHAR,2025,2156.2603,754.8899
ASSAM_DARRANG,2019,875.98206,368.241
ASSAM_DARRANG,2020,835.8779,350.80927
ASSAM_DARRANG,2021,817.07983,345.36902
ASSAM_DARRANG,2022,799.62384,338.73828
ASSAM_DARRANG,2023,828.49646,350.19092
ASSAM_DARRANG,2024,817.1565,348.49335
ASSAM_DARRANG,2025,830.884,353.08832
ASSAM_DHEMAJI,2019,756.1205,374.1924
ASSAM_DHEMAJI,2020,748.32715,360.94244
ASSAM_DHEMAJI,2021,735.18585,358.0526
ASSAM_DHEMAJI,2022,733.04767,359.88776
ASSAM_DHEMAJI,2023,736.5309,359.84113
ASSAM_DHEMAJI,2024,737.3488,353.14337
ASSAM_DHEMAJI,2025,727.6647,348.91873
ASSAM_DIBRUGARH,2019,2528.7363,1034.0957
ASSAM_DIBRUGARH,2020,2540.8835,1050.2418
ASSAM_DIBRUGARH,2021,2510.7056,1033.0784
ASSAM_DIBRUGARH,2022,2507.7556,1032.1433
ASSAM_DIBRUGARH,2023,2490.4878,1025.7843
ASSAM_DIBRUGARH,2024,2482.3062,1020.4913
ASSAM_DIBRUGARH,2025,2468.5159,1016.14307
ASSAM_GOLAGHAT,2019,1591.6914,579.49414
ASSAM_GOLAGHAT,2020,1612.9242,631.4262
ASSAM_GOLAGHAT,2021,1563.5433,626.9595
ASSAM_GOLAGHAT,2022,1609.186,622.8682
ASSAM_GOLAGHAT,2023,1565.5347,613.20197
ASSAM_GOLAGHAT,2024,1613.5515,634.51697
ASSAM_GOLAGHAT,2025,1558.057,626.94635
ASSAM_HAILAKANDI,2019,713.46045,412.82574
ASSAM_HAILAKANDI,2020,691.5075,394.11652
ASSAM_HAILAKANDI,2021,709.02045,393.85907
ASSAM_HAILAKANDI,2022,696.5906,388.80334
ASSAM_HAILAKANDI,2023,701.73035,390.4673
ASSAM_HAILAKANDI,2024,691.1078,387.6068
ASSAM_HAILAKANDI,2025,677.94165,383.58582
ASSAM_JORHAT,2019,1313.7705,413.2704
ASSAM_JORHAT,2020,1336.9974,418.18976
ASSAM_JORHAT,2021,1299.4048,412.02457
ASSAM_JORHAT,2022,1342.4899,417.33374
ASSAM_JORHAT,2023,1296.6459,409.8885
ASSAM_JORHAT,2024,1343.1765,416.20792
ASSAM_JORHAT,2025,1298.2993,408.42538
ASSAM_KAMRUP,2019,2837.5122,1164.0386
ASSAM_KAMRUP,2020,2841.7615,1165.2
ASSAM_KAMRUP,2021,2853.808,1168.06
ASSAM_KAMRUP,2022,2842.5964,1166.5602
ASSAM_KAMRUP,2023,2863.6514,1169.9116
ASSAM_KAMRUP,2024,2848.4028,1168.7173
ASSAM_KAMRUP,2025,2869.689,1171.5742
ASSAM_KARIMGANJ,2019,736.8047,314.53485
ASSAM_KARIMGANJ,2020,746.0868,318.46918
ASSAM_KARIMGANJ,2021,722.29724,308.3971
ASSAM_KARIMGANJ,2022,737.1809,313.24548
ASSAM_KARIMGANJ,2023,731.51135,307.40237
ASSAM_KARIMGANJ,2024,765.5424,313.04895
ASSAM_KARIMGANJ,2025,763.07715,307.9813
ASSAM_LAKHIMPUR,2019,1027.5371,499.35242
ASSAM_LAKHIMPUR,2020,1027.6099,484.2819
ASSAM_LAKHIMPUR,2021,995.36896,480.59705
ASSAM_LAKHIMPUR,2022,1017.0863,475.27997
ASSAM_LAKHIMPUR,2023,981.7413,465.90466
ASSAM_LAKHIMPUR,2024,1013.3073,463.93054
ASSAM_LAKHIMPUR,2025,975.32886,452.91617
ASSAM_NAGAON,2019,2576.2192,1034.5941
ASSAM_NAGAON,2020,2599.9097,1068.1931
ASSAM_NAGAON,2021,2589.9512,1029.9478
ASSAM_NAGAON,2022,2624.4844,1056.3206
ASSAM_NAGAON,2023,2601.6494,1026.3868
ASSAM_NAGAON,2024,2644.0928,1044.2859
ASSAM_NAGAON,2025,2621.249,1023.4248
ASSAM_NALBARI,2019,762.64655,388.99207
ASSAM_NALBARI,2020,810.1832,400.52353
ASSAM_NALBARI,2021,780.0634,397.17548
ASSAM_NALBARI,2022,762.3601,393.94647
ASSAM_NALBARI,2023,780.9001,408.72864
ASSAM_NALBARI,2024,743.4125,395.9793
ASSAM_NALBARI,2025,759.83344,412.08386
ASSAM_SIVASAGAR,2019,1554.6948,627.26196
ASSAM_SIVASAGAR,2020,1539.3116,620.0325
ASSAM_SIVASAGAR,2021,1490.2148,592.53986
ASSAM_SIVASAGAR,2022,1532.115,602.8556
ASSAM_SIVASAGAR,2023,1468.8752,587.19354
ASSAM_SIVASAGAR,2024,1513.2952,589.5236
ASSAM_SIVASAGAR,2025,1456.2502,577.3604
ASSAM_SONITPUR,2019,3044.6685,1558.2761
ASSAM_SONITPUR,2020,3033.6504,1555.3569
ASSAM_SONITPUR,2021,3041.963,1552.0232
ASSAM_SONITPUR,2022,3025.1367,1547.7644
ASSAM_SONITPUR,2023,3028.776,1542.7126
ASSAM_SONITPUR,2024,3017.3857,1540.8695
ASSAM_SONITPUR,2025,3017.1821,1534.771
ASSAM_TINSUKIA,2019,2568.7964,1116.4858
ASSAM_TINSUKIA,2020,2600.422,1141.3875
ASSAM_TINSUKIA,2021,2528.994,1119.116
ASSAM_TINSUKIA,2022,2526.884,1120.0979
ASSAM_TINSUKIA,2023,2464.9673,1105.0249
ASSAM_TINSUKIA,2024,2463.5637,1101.5021
ASSAM_TINSUKIA,2025,2412.574,1090.1393
BIHAR_PATNA,2019,5316.7373,1720.8494
BIHAR_PATNA,2020,5324.559,1721.7805
BIHAR_PATNA,2021,5337.1973,1736.5022
BIHAR_PATNA,2022,5325.3994,1733.2832
BIHAR_PATNA,2023,5315.3906,1732.383
BIHAR_PATNA,2024,5319.579,1739.09
BIHAR_PATNA,2025,5317.0396,1741.0903
BIHAR_SAMASTIPUR,2019,2666.5942,1332.901
BIHAR_SAMASTIPUR,2020,2685.5771,1331.9033
BIHAR_SAMASTIPUR,2021,2680.1526,1333.2161
BIHAR_SAMASTIPUR,2022,2680.7725,1331.6157
BIHAR_SAMASTIPUR,2023,2680.851,1332.347
BIHAR_SAMASTIPUR,2024,2680.319,1332.1301
BIHAR_SAMASTIPUR,2025,2681.6252,1331.5962
CHANDIGARH_CHANDIGARH,2019,2646.214,917.728
CHANDIGARH_CHANDIGARH,2020,2617.4314,912.267
CHANDIGARH_CHANDIGARH,2021,2585.1797,900.1438
CHANDIGARH_CHANDIGARH,2022,2579.9958,891.03455
CHANDIGARH_CHANDIGARH,2023,2566.085,884.1827
CHANDIGARH_CHANDIGARH,2024,2543.7253,873.9772
CHANDIGARH_CHANDIGARH,2025,2521.8713,863.3017
CHHATTISGARH_BILASPUR,2019,2536.415,1085.0433
CHHATTISGARH_BILASPUR,2020,2546.747,1091.9567
CHHATTISGARH_BILASPUR,2021,2570.64,1101.6704
CHHATTISGARH_BILASPUR,2022,2596.5474,1108.2368
CHHATTISGARH_BILASPUR,2023,2610.04,1114.3229
CHHATTISGARH_BILASPUR,2024,2629.699,1121.1613
CHHATTISGARH_BILASPUR,2025,2650.9517,1129.2241
CHHATTISGARH_DURG,2019,3626.0793,1155.383
CHHATTISGARH_DURG,2020,3592.5862,1141.5764
CHHATTISGARH_DURG,2021,3651.29,1166.8286
CHHATTISGARH_DURG,2022,3672.0435,1167.6008
CHHATTISGARH_DURG,2023,3715.3315,1183.0659
CHHATTISGARH_DURG,2024,3739.884,1186.6553
CHHATTISGARH_DURG,2025,3769.8433,1199.3297
CHHATTISGARH_KORBA,2019,1542.2516,644.4037
CHHATTISGARH_KORBA,2020,1445.5266,605.3627
CHHATTISGARH_KORBA,2021,1427.676,598.4569
CHHATTISGARH_KORBA,2022,1368.3595,576.0571
CHHATTISGARH_KORBA,2023,1512.7958,636.7572
CHHATTISGARH_KORBA,2024,1547.6687,647.6101
CHHATTISGARH_KORBA,2025,1568.3679,654.0879
CHHATTISGARH_RAIPUR,2019,4042.0127,1577.4498
CHHATTISGARH_RAIPUR,2020,3957.3271,1464.2152
CHHATTISGARH_RAIPUR,2021,3940.9236,1543.4014
CHHATTISGARH_RAIPUR,2022,3998.0903,1475.4243
CHHATTISGARH_RAIPUR,2023,3997.6807,1545.9823
CHHATTISGARH_RAIPUR,2024,3991.0996,1485.8256
CHHATTISGARH_RAIPUR,2025,3993.9329,1555.7487
GOA_NORTHGOA,2019,1239.5808,448.11908
GOA_NORTHGOA,2020,1242.3057,449.20972
GOA_NORTHGOA,2021,1280.0474,460.57755
GOA_NORTHGOA,2022,1290.7772,463.4004
GOA_NORTHGOA,2023,1313.7742,474.81912
GOA_NORTHGOA,2024,1334.8972,480.7968
GOA_NORTHGOA,2025,1359.9896,490.19116
GOA_SOUTHGOA,2019,813.7422,292.75012
GOA_SOUTHGOA,2020,903.5979,306.7871
GOA_SOUTHGOA,2021,969.432,309.824
GOA_SOUTHGOA,2022,930.2439,305.61526
GOA_SOUTHGOA,2023,928.71094,311.26254
GOA_SOUTHGOA,2024,832.1846,296.47314
GOA_SOUTHGOA,2025,822.4221,303.47284
GUJARAT_BHARUCH,2019,2403.2031,1305.1221
GUJARAT_BHARUCH,2020,2367.1436,1303.1399
GUJARAT_BHARUCH,2021,2352.1377,1291.5187
GUJARAT_BHARUCH,2022,2316.924,1269.4618
GUJARAT_BHARUCH,2023,2393.397,1285.4271
GUJARAT_BHARUCH,2024,2451.6028,1308.8297
GUJARAT_BHARUCH,2025,2522.604,1329.3413
GUJARAT_GANDHINAGAR,2019,2493.8838,865.4627
GUJARAT_GANDHINAGAR,2020,2521.2158,871.93823
GUJARAT_GANDHINAGAR,2021,2527.9014,869.53503
GUJARAT_GANDHINAGAR,2022,2494.2754,864.46136
GUJARAT_GANDHINAGAR,2023,2481.8926,863.57245
GUJARAT_GANDHINAGAR,2024,2492.5615,863.49396
GUJARAT_GANDHINAGAR,2025,2479.5962,860.29456
GUJARAT_JAMNAGAR,2019,2275.55,1030.5936
GUJARAT_JAMNAGAR,2020,2321.9092,1059.2996
GUJARAT_JAMNAGAR,2021,2366.2815,1068.7423
GUJARAT_JAMNAGAR,2022,2379.5076,1069.948
GUJARAT_JAMNAGAR,2023,2404.753,1078.6587
GUJARAT_JAMNAGAR,2024,2450.0352,1092.7179
GUJARAT_JAMNAGAR,2025,2482.4844,1101.7882
GUJARAT_RAJKOT,2019,3823.1003,1909.6931
GUJARAT_RAJKOT,2020,3952.1387,1968.2642
GUJARAT_RAJKOT,2021,3921.1624,1946.298
GUJARAT_RAJKOT,2022,3988.4287,1977.3774
GUJARAT_RAJKOT,2023,4011.903,1987.7125
GUJARAT_RAJKOT,2024,4054.387,2004.1438
GUJARAT_RAJKOT,2025,4083.8718,2011.789
GUJARAT_SURAT,2019,9173.945,3860.8389
GUJARAT_SURAT,2020,9221.507,3881.4124
GUJARAT_SURAT,2021,9188.366,3861.9807
GUJARAT_SURAT,2022,9220.908,3873.7388
GUJARAT_SURAT,2023,9203.697,3862.4602
GUJARAT_SURAT,2024,9225.061,3869.3125
GUJARAT_SURAT,2025,9213.6,3860.6494
GUJARAT_VADODARA,2019,4145.259,1902.6866
GUJARAT_VADODARA,2020,4149.6836,1918.7485
GUJARAT_VADODARA,2021,4216.184,1932.9866
GUJARAT_VADODARA,2022,4222.2603,1934.0541
GUJARAT_VADODARA,2023,4248.0645,1947.8816
GUJARAT_VADODARA,2024,4280.2373,1958.0149
GUJARAT_VADODARA,2025,4317.437,1965.0846
GUJARAT_VALSAD,2019,1863.6017,1019.101
GUJARAT_VALSAD,2020,1897.4514,1041.3317
GUJARAT_VALSAD,2021,1926.7732,1052.0128
GUJARAT_VALSAD,2022,1967.2888,1071.0774
GUJARAT_VALSAD,2023,2001.7556,1088.2362
GUJARAT_VALSAD,2024,2041.4865,1108.6108
GUJARAT_VALSAD,2025,2071.1838,1128.1962
HARYANA_BHIWANI,2019,2371.4492,981.8898
HARYANA_BHIWANI,2020,2395.3306,985.70593
HARYANA_BHIWANI,2021,2534.1606,1000.12006
HARYANA_BHIWANI,2022,2555.1316,990.2873
HARYANA_BHIWANI,2023,2561.6064,1002.2175
HARYANA_BHIWANI,2024,2649.5806,1005.3412
HARYANA_BHIWANI,2025,2590.975,995.78357
HARYANA_FARIDABAD,2019,3785.073,914.2037
HARYANA_FARIDABAD,2020,3793.359,907.55945
HARYANA_FARIDABAD,2021,3841.9927,936.6086
HARYANA_FARIDABAD,2022,3856.546,941.33093
HARYANA_FARIDABAD,2023,3917.4531,974.6142
HARYANA_FARIDABAD,2024,3945.9907,985.47235
HARYANA_FARIDABAD,2025,3978.993,1017.4221
HARYANA_PANCHKULA,2019,1537.4235,417.52368
HARYANA_PANCHKULA,2020,1576.8226,427.22675
HARYANA_PANCHKULA,2021,1548.2788,421.61066
HARYANA_PANCHKULA,2022,1547.8506,428.15814
HARYANA_PANCHKULA,2023,1555.5637,426.2788
HARYANA_PANCHKULA,2024,1527.8224,427.94238
HARYANA_PANCHKULA,2025,1542.6035,431.81586
HARYANA_YAMUNANAGAR,2019,1335.8362,602.7158
HARYANA_YAMUNANAGAR,2020,1320.7783,627.072
HARYANA_YAMUNANAGAR,2021,1289.6532,622.5162
HARYANA_YAMUNANAGAR,2022,1315.9803,647.2881
HARYANA_YAMUNANAGAR,2023,1327.9911,619.6771
HARYANA_YAMUNANAGAR,2024,1318.0796,613.99896
HARYANA_YAMUNANAGAR,2025,1346.1661,612.5646
HIMACHALPRADESH_KANGRA,2019,2609.684,990.111
HIMACHALPRADESH_KANGRA,2020,2593.9448,997.6154
HIMACHALPRADESH_KANGRA,2021,2581.9553,1000.67413
HIMACHALPRADESH_KANGRA,2022,2584.5469,999.3877
HIMACHALPRADESH_KANGRA,2023,2584.3489,995.81165
HIMACHALPRADESH_KANGRA,2024,2595.3638,999.41626
HIMACHALPRADESH_KANGRA,2025,2595.831,997.4813
HIMACHALPRADESH_KULLU,2019,1240.4448,390.59628
HIMACHALPRADESH_KULLU,2020,1240.0322,384.0163
HIMACHALPRADESH_KULLU,2021,1264.4224,395.33807
HIMACHALPRADESH_KULLU,2022,1210.4839,381.76154
HIMACHALPRADESH_KULLU,2023,1201.0859,388.3127
HIMACHALPRADESH_KULLU,2024,1222.9125,381.16357
HIMACHALPRADESH_KULLU,2025,1233.3037,393.41937
HIMACHALPRADESH_MANDI,2019,2151.3135,793.3773
HIMACHALPRADESH_MANDI,2020,2093.6553,779.1816
HIMACHALPRADESH_MANDI,2021,2048.708,773.8965
HIMACHALPRADESH_MANDI,2022,2009.0171,767.05566
HIMACHALPRADESH_MANDI,2023,1998.3235,751.34174
HIMACHALPRADESH_MANDI,2024,2026.1803,745.1798
HIMACHALPRADESH_MANDI,2025,2079.0334,739.88586
HIMACHALPRADESH_SHIMLA,2019,1553.5596,604.01587
HIMACHALPRADESH_SHIMLA,2020,1603.3784,607.5033
HIMACHALPRADESH_SHIMLA,2021,1613.9965,604.5759
HIMACHALPRADESH_SHIMLA,2022,1691.9939,606.60614
HIMACHALPRADESH_SHIMLA,2023,1737.0563,607.802
HIMACHALPRADESH_SHIMLA,2024,1786.0085,608.4137
HIMACHALPRADESH_SHIMLA,2025,1844.8678,617.91077
HIMACHALPRADESH_SIRMAUR,2019,752.80273,338.33832
HIMACHALPRADESH_SIRMAUR,2020,800.22,338.74615
HIMACHALPRADESH_SIRMAUR,2021,820.597,347.6386
HIMACHALPRADESH_SIRMAUR,2022,902.5221,366.9306
HIMACHALPRADESH_SIRMAUR,2023,967.0992,381.00613
HIMACHALPRADESH_SIRMAUR,2024,1029.1061,404.09747
HIMACHALPRADESH_SIRMAUR,2025,1142.1964,423.70227
HIMACHALPRADESH_SOLAN,2019,1204.9885,450.84354
HIMACHALPRADESH_SOLAN,2020,1194.1628,443.28796
HIMACHALPRADESH_SOLAN,2021,1160.9374,450.3531
HIMACHALPRADESH_SOLAN,2022,1151.3185,453.33347
HIMACHALPRADESH_SOLAN,2023,1127.2448,453.3662
HIMACHALPRADESH_SOLAN,2024,1104.6488,455.01398
HIMACHALPRADESH_SOLAN,2025,1089.2709,458.495
HIMACHALPRADESH_UNA,2019,883.52515,401.86163
HIMACHALPRADESH_UNA,2020,957.3545,435.7619
HIMACHALPRADESH_UNA,2021,1035.2361,477.0694
HIMACHALPRADESH_UNA,2022,1160.692,535.0645
HIMACHALPRADESH_UNA,2023,1297.5045,591.5781
HIMACHALPRADESH_UNA,2024,1454.0712,653.582
HIMACHALPRADESH_UNA,2025,1576.8054,715.00476
JHARKHAND_DHANBAD,2019,2490.2935,1038.4167
JHARKHAND_DHANBAD,2020,2494.0786,1055.9412
JHARKHAND_DHANBAD,2021,2503.736,1039.7727
JHARKHAND_DHANBAD,2022,2522.3025,1062.6996
JHARKHAND_DHANBAD,2023,2513.9604,1044.7512
JHARKHAND_DHANBAD,2024,2538.762,1071.0436
JHARKHAND_DHANBAD,2025,2527.299,1051.2277
JHARKHAND_RANCHI,2019,3151.1646,1345.0286
JHARKHAND_RANCHI,2020,3045.481,1294.7446
JHARKHAND_RANCHI,2021,3126.9717,1312.2673
JHARKHAND_RANCHI,2022,3130.2732,1335.356
JHARKHAND_RANCHI,2023,3091.2676,1302.4879
JHARKHAND_RANCHI,2024,3131.8396,1326.0458
JHARKHAND_RANCHI,2025,3087.4546,1313.3635
KARNATAKA_BIDAR,2019,2117.5205,735.2532
KARNATAKA_BIDAR,2020,2107.2034,731.66626
KARNATAKA_BIDAR,2021,2112.0513,733.4592
KARNATAKA_BIDAR,2022,2111.0168,732.95734
KARNATAKA_BIDAR,2023,2111.8752,733.28973
KARNATAKA_BIDAR,2024,2112.4512,733.69617
KARNATAKA_BIDAR,2025,2112.7156,733.6112
KARNATAKA_CHITRADURGA,2019,2572.8225,1240.5594
KARNATAKA_CHITRADURGA,2020,2512.0796,1218.1096
KARNATAKA_CHITRADURGA,2021,2496.5542,1212.7129
KARNATAKA_CHITRADURGA,2022,2508.2898,1213.02
KARNATAKA_CHITRADURGA,2023,2555.225,1227.6682
KARNATAKA_CHITRADURGA,2024,2568.405,1233.3392
KARNATAKA_CHITRADURGA,2025,2562.1274,1230.4711
KARNATAKA_DAKSHINAKANNADA,2019,2189.6099,895.5591
KARNATAKA_DAKSHINAKANNADA,2020,2172.509,884.67847
KARNATAKA_DAKSHINAKANNADA,2021,2208.6973,878.1948
KARNATAKA_DAKSHINAKANNADA,2022,2244.8154,879.3583
KARNATAKA_DAKSHINAKANNADA,2023,2287.919,875.6221
KARNATAKA_DAKSHINAKANNADA,2024,2347.5166,881.0547
KARNATAKA_DAKSHINAKANNADA,2025,2392.652,882.7625
KARNATAKA_DAVANAGERE,2019,2013.4648,867.6416
KARNATAKA_DAVANAGERE,2020,1981.771,859.198
KARNATAKA_DAVANAGERE,2021,1941.5398,850.6347
KARNATAKA_DAVANAGERE,2022,1917.1025,844.9015
KARNATAKA_DAVANAGERE,2023,1920.7985,847.277
KARNATAKA_DAVANAGERE,2024,1944.3214,855.21515
KARNATAKA_DAVANAGERE,2025,1980.5747,866.2917
KARNATAKA_DHARWAD,2019,1893.7329,702.07196
KARNATAKA_DHARWAD,2020,1951.8615,712.4939
KARNATAKA_DHARWAD,2021,1903.8536,690.0992
KARNATAKA_DHARWAD,2022,1946.9149,699.3147
KARNATAKA_DHARWAD,2023,1972.3674,699.1966
KARNATAKA_DHARWAD,2024,1983.6489,696.36523
KARNATAKA_DHARWAD,2025,2017.2383,700.7347
KARNATAKA_HASSAN,2019,1540.6233,747.1998
KARNATAKA_HASSAN,2020,1527.8055,727.44366
KARNATAKA_HASSAN,2021,1548.4255,737.8001
KARNATAKA_HASSAN,2022,1495.824,702.88654
KARNATAKA_HASSAN,2023,1444.174,660.66174
KARNATAKA_HASSAN,2024,1454.0215,675.8775
KARNATAKA_HASSAN,2025,1448.9712,651.67676
KARNATAKA_HAVERI,2019,1970.8064,802.2848
KARNATAKA_HAVERI,2020,2008.2139,815.7195
KARNATAKA_HAVERI,2021,1994.6428,810.63385
KARNATAKA_HAVERI,2022,1996.46,805.9747
KARNATAKA_HAVERI,2023,1988.9209,805.3965
KARNATAKA_HAVERI,2024,2005.4374,807.7333
KARNATAKA_HAVERI,2025,2012.6555,810.669
KARNATAKA_KOLAR,2019,1763.0574,745.03925
KARNATAKA_KOLAR,2020,1712.0441,719.11523
KARNATAKA_KOLAR,2021,1811.0903,758.6017
KARNATAKA_KOLAR,2022,1753.5255,733.0874
KARNATAKA_KOLAR,2023,1771.9937,744.8474
KARNATAKA_KOLAR,2024,1778.2186,739.3705
KARNATAKA_KOLAR,2025,1833.3484,761.9976
KARNATAKA_MANDYA,2019,1794.3888,903.54553
KARNATAKA_MANDYA,2020,1783.8977,898.0915
KARNATAKA_MANDYA,2021,1797.6765,903.79736
KARNATAKA_MANDYA,2022,1792.8958,902.70276
KARNATAKA_MANDYA,2023,1794.6644,906.1927
KARNATAKA_MANDYA,2024,1798.2156,907.6173
KARNATAKA_MANDYA,2025,1801.0626,908.8531
KARNATAKA_RAICHUR,2019,2985.8203,1350.9572
KARNATAKA_RAICHUR,2020,3021.007,1361.3368
KARNATAKA_RAICHUR,2021,2994.7607,1354.0118
KARNATAKA_RAICHUR,2022,3018.9792,1357.2778
KARNATAKA_RAICHUR,2023,3032.2095,1361.8226
KARNATAKA_RAICHUR,2024,3037.6814,1362.5988
KARNATAKA_RAICHUR,2025,3056.6602,1364.8243
KERALA_ALAPPUZHA,2019,1822.3726,831.6122
KERALA_ALAPPUZHA,2020,1857.1553,845.25916
KERALA_ALAPPUZHA,2021,1829.6956,833.2548
KERALA_ALAPPUZHA,2022,1847.2977,842.18225
KERALA_ALAPPUZHA,2023,1829.9675,833.44196
KERALA_ALAPPUZHA,2024,1843.3024,840.13965
KERALA_ALAPPUZHA,2025,1829.4983,833.49615
KERALA_ERNAKULAM,2019,2733.4666,1201.5864
KERALA_ERNAKULAM,2020,2732.6343,1192.0817
KERALA_ERNAKULAM,2021,2722.9617,1193.7002
KERALA_ERNAKULAM,2022,2684.0142,1189.8086
KERALA_ERNAKULAM,2023,2671.5032,1188.325
KERALA_ERNAKULAM,2024,2658.7363,1182.8137
KERALA_ERNAKULAM,2025,2641.4685,1178.9216
KERALA_KOLLAM,2019,2399.1782,1025.0715
KERALA_KOLLAM,2020,2386.1592,1016.02954
KERALA_KOLLAM,2021,2404.1077,1021.6459
KERALA_KOLLAM,2022,2409.6772,1024.3116
KERALA_KOLLAM,2023,2409.2114,1022.4825
KERALA_KOLLAM,2024,2399.9277,1015.6739
KERALA_KOLLAM,2025,2411.7917,1018.7192
KERALA_KOTTAYAM,2019,2005.3513,949.35095
KERALA_KOTTAYAM,2020,1998.6345,953.4155
KERALA_KOTTAYAM,2021,1998.1709,955.7053
KERALA_KOTTAYAM,2022,1996.3047,956.5756
KERALA_KOTTAYAM,2023,1998.4695,960.54034
KERALA_KOTTAYAM,2024,1998.0388,963.1822
KERALA_KOTTAYAM,2025,1998.8684,965.0957
KERALA_KOZHIKODE,2019,2497.1296,841.29285
KERALA_KOZHIKODE,2020,2461.8723,819.1904
KERALA_KOZHIKODE,2021,2477.7153,816.06555
KERALA_KOZHIKODE,2022,2518.9082,820.7712
KERALA_KOZHIKODE,2023,2549.2852,824.53394
KERALA_KOZHIKODE,2024,2550.5815,819.60315
KERALA_KOZHIKODE,2025,2569.0881,817.14154
KERALA_PALAKKAD,2019,2486.7886,1103.5059
KERALA_PALAKKAD,2020,2509.843,1098.6201
KERALA_PALAKKAD,2021,2612.6423,1125.3011
KERALA_PALAKKAD,2022,2599.9478,1115.9424
KERALA_PALAKKAD,2023,2599.5864,1103.3499
KERALA_PALAKKAD,2024,2670.2295,1117.4182
KERALA_PALAKKAD,2025,2649.517,1120.5479
KERALA_THIRUVANANTHAPURAM,2019,2601.504,1230.9568
KERALA_THIRUVANANTHAPURAM,2020,2570.565,1230.1687
KERALA_THIRUVANANTHAPURAM,2021,2564.7432,1229.78
KERALA_THIRUVANANTHAPURAM,2022,2596.3967,1238.115
KERALA_THIRUVANANTHAPURAM,2023,2600.1626,1240.2219
KERALA_THIRUVANANTHAPURAM,2024,2566.0327,1235.6162
KERALA_THIRUVANANTHAPURAM,2025,2572.4155,1238.6719
KERALA_WAYANAD,2019,817.60754,283.37256
KERALA_WAYANAD,2020,785.8781,270.87903
KERALA_WAYANAD,2021,809.3248,275.32617
KERALA_WAYANAD,2022,809.16504,277.70752
KERALA_WAYANAD,2023,810.96674,283.6629
KERALA_WAYANAD,2024,800.9424,274.5796
KERALA_WAYANAD,2025,811.97034,272.8053
MADHYAPRADESH_BHOPAL,2019,4312.8413,1309.6443
MADHYAPRADESH_BHOPAL,2020,4477.5386,1366.6594
MADHYAPRADESH_BHOPAL,2021,4576.99,1394.8218
MADHYAPRADESH_BHOPAL,2022,4642.704,1416.7587
MADHYAPRADESH_BHOPAL,2023,4644.5967,1400.9596
MADHYAPRADESH_BHOPAL,2024,4620.2036,1380.2703
MADHYAPRADESH_BHOPAL,2025,4518.4883,1321.5891
MADHYAPRADESH_CHHATARPUR,2019,2832.0095,1666.1827
MADHYAPRADESH_CHHATARPUR,2020,2827.7705,1666.3757
MADHYAPRADESH_CHHATARPUR,2021,2801.6147,1654.2737
MADHYAPRADESH_CHHATARPUR,2022,2771.1614,1648.055
MADHYAPRADESH_CHHATARPUR,2023,2758.8774,1641.7284
MADHYAPRADESH_CHHATARPUR,2024,2723.4126,1631.7964
MADHYAPRADESH_CHHATARPUR,2025,2712.988,1626.9114
MADHYAPRADESH_DEWAS,2019,1644.0492,649.9215
MADHYAPRADESH_DEWAS,2020,1656.574,658.5319
MADHYAPRADESH_DEWAS,2021,1661.9337,652.95404
MADHYAPRADESH_DEWAS,2022,1666.7761,659.3062
MADHYAPRADESH_DEWAS,2023,1652.3162,651.3286
MADHYAPRADESH_DEWAS,2024,1676.8369,659.9977
MADHYAPRADESH_DEWAS,2025,1668.5377,653.6502
MADHYAPRADESH_DHAR,2019,3308.9895,1490.803
MADHYAPRADESH_DHAR,2020,3316.3008,1500.4567
MADHYAPRADESH_DHAR,2021,3338.0598,1501.5627
MADHYAPRADESH_DHAR,2022,3363.9365,1504.7256
MADHYAPRADESH_DHAR,2023,3368.8115,1504.5781
MADHYAPRADESH_DHAR,2024,3370.5771,1505.5331
MADHYAPRADESH_DHAR,2025,3375.5383,1510.0369
MADHYAPRADESH_GWALIOR,2019,2795.149,978.6237
MADHYAPRADESH_GWALIOR,2020,2805.5884,954.72046
MADHYAPRADESH_GWALIOR,2021,2823.288,974.1903
MADHYAPRADESH_GWALIOR,2022,2772.652,948.6616
MADHYAPRADESH_GWALIOR,2023,2778.0156,956.0831
MADHYAPRADESH_GWALIOR,2024,2811.7566,958.4219
MADHYAPRADESH_GWALIOR,2025,2753.8823,938.12897
MADHYAPRADESH_INDORE,2019,2823.9297,1144.5071
MADHYAPRADESH_INDORE,2020,2854.6077,1161.3518
MADHYAPRADESH_INDORE,2021,2849.6426,1153.6465
MADHYAPRADESH_INDORE,2022,2891.3662,1163.0486
MADHYAPRADESH_INDORE,2023,2885.0103,1157.4387
MADHYAPRADESH_INDORE,2024,2886.037,1158.4146
MADHYAPRADESH_INDORE,2025,2883.3918,1157.3766
MADHYAPRADESH_JABALPUR,2019,3394.471,1404.0768
MADHYAPRADESH_JABALPUR,2020,3339.8865,1394.9475
MADHYAPRADESH_JABALPUR,2021,3372.6614,1397.9873
MADHYAPRADESH_JABALPUR,2022,3335.0264,1385.0443
MADHYAPRADESH_JABALPUR,2023,3334.9575,1387.2839
MADHYAPRADESH_JABALPUR,2024,3309.0454,1374.4569
MADHYAPRADESH_JABALPUR,2025,3301.185,1372.4088
MADHYAPRADESH_RATLAM,2019,2255.5857,815.6775
MADHYAPRADESH_RATLAM,2020,2241.9524,817.7837
MADHYAPRADESH_RATLAM,2021,2231.3687,815.80664
MADHYAPRADESH_RATLAM,2022,2251.062,813.9012
MADHYAPRADESH_RATLAM,2023,2264.5952,809.2573
MADHYAPRADESH_RATLAM,2024,2265.6882,805.8446
MADHYAPRADESH_RATLAM,2025,2256.65,803.34155
MADHYAPRADESH_SAGAR,2019,1728.5859,630.15515
MADHYAPRADESH_SAGAR,2020,1760.0637,668.0651
MADHYAPRADESH_SAGAR,2021,1802.7092,669.34283
MADHYAPRADESH_SAGAR,2022,1785.2258,686.32477
MADHYAPRADESH_SAGAR,2023,1819.6951,699.2856
MADHYAPRADESH_SAGAR,2024,1830.4337,709.70575
MADHYAPRADESH_SAGAR,2025,1848.8218,724.18317
MADHYAPRADESH_SATNA,2019,3198.5515,990.4332
MADHYAPRADESH_SATNA,2020,3198.9795,1000.3003
MADHYAPRADESH_SATNA,2021,3122.7795,937.5483
MADHYAPRADESH_SATNA,2022,3088.9604,937.4971
MADHYAPRADESH_SATNA,2023,3128.606,952.8798
MADHYAPRADESH_SATNA,2024,3134.1646,969.72656
MADHYAPRADESH_SATNA,2025,3145.6533,966.69275
MADHYAPRADESH_SHAHDOL,2019,1535.6565,584.1859
MADHYAPRADESH_SHAHDOL,2020,1710.4564,588.66974
MADHYAPRADESH_SHAHDOL,2021,1877.3188,611.61444
MADHYAPRADESH_SHAHDOL,2022,1877.689,608.8831
MADHYAPRADESH_SHAHDOL,2023,1802.0525,596.53406
MADHYAPRADESH_SHAHDOL,2024,1890.293,612.8182
MADHYAPRADESH_SHAHDOL,2025,2070.1196,630.2862
MADHYAPRADESH_SINGRAULI,2019,957.6475,418.5369
MADHYAPRADESH_SINGRAULI,2020,904.89594,411.04767
MADHYAPRADESH_SINGRAULI,2021,929.53485,416.07416
MADHYAPRADESH_SINGRAULI,2022,882.5225,403.0278
MADHYAPRADESH_SINGRAULI,2023,910.16406,408.79303
MADHYAPRADESH_SINGRAULI,2024,898.0403,398.9781
MADHYAPRADESH_SINGRAULI,2025,914.781,399.93985
MADHYAPRADESH_UJJAIN,2019,2589.3718,899.75684
MADHYAPRADESH_UJJAIN,2020,2620.707,921.23816
MADHYAPRADESH_UJJAIN,2021,2611.6138,919.01685
MADHYAPRADESH_UJJAIN,2022,2639.5894,927.11505
MADHYAPRADESH_UJJAIN,2023,2635.538,923.40643
MADHYAPRADESH_UJJAIN,2024,2636.0295,922.319
MADHYAPRADESH_UJJAIN,2025,2624.6729,921.3396
MAHARASHTRA_AKOLA,2019,1427.4661,569.9712
MAHARASHTRA_AKOLA,2020,1459.667,580.17523
MAHARASHTRA_AKOLA,2021,1467.8667,580.79736
MAHARASHTRA_AKOLA,2022,1469.7936,581.25446
MAHARASHTRA_AKOLA,2023,1474.4644,584.43567
MAHARASHTRA_AKOLA,2024,1485.8483,583.6522
MAHARASHTRA_AKOLA,2025,1499.2792,586.9249
MAHARASHTRA_AMRAVATI,2019,3157.0015,1182.292
MAHARASHTRA_AMRAVATI,2020,3119.667,1181.628
MAHARASHTRA_AMRAVATI,2021,3137.0835,1180.7211
MAHARASHTRA_AMRAVATI,2022,3137.936,1173.7603
MAHARASHTRA_AMRAVATI,2023,3110.9768,1173.5383
MAHARASHTRA_AMRAVATI,2024,3116.2764,1173.6316
MAHARASHTRA_AMRAVATI,2025,3125.199,1168.7245
MAHARASHTRA_AURANGABAD,2019,3145.3865,1569.4926
MAHARASHTRA_AURANGABAD,2020,3150.1204,1558.6829
MAHARASHTRA_AURANGABAD,2021,3166.7236,1546.4427
MAHARASHTRA_AURANGABAD,2022,3159.4941,1532.0079
MAHARASHTRA_AURANGABAD,2023,3169.0674,1518.4978
MAHARASHTRA_AURANGABAD,2024,3181.975,1505.8773
MAHARASHTRA_AURANGABAD,2025,3182.5452,1500.4662
MAHARASHTRA_CHANDRAPUR,2019,2498.538,1103.8859
MAHARASHTRA_CHANDRAPUR,2020,2585.3367,1111.387
MAHARASHTRA_CHANDRAPUR,2021,2679.038,1191.0121
MAHARASHTRA_CHANDRAPUR,2022,2785.5835,1209.6992
MAHARASHTRA_CHANDRAPUR,2023,2872.7188,1299.5256
MAHARASHTRA_CHANDRAPUR,2024,2982.8018,1320.6195
MAHARASHTRA_CHANDRAPUR,2025,3084.4263,1411.293
MAHARASHTRA_JALGAON,2019,4382.8394,1675.7517
MAHARASHTRA_JALGAON,2020,4408.175,1686.3589
MAHARASHTRA_JALGAON,2021,4452.151,1700.624
MAHARASHTRA_JALGAON,2022,4496.2373,1711.8387
MAHARASHTRA_JALGAON,2023,4539.499,1728.919
MAHARASHTRA_JALGAON,2024,4571.5615,1750.5118
MAHARASHTRA_JALGAON,2025,4608.76,1775.644
MAHARASHTRA_JALNA,2019,1289.2607,504.86792
MAHARASHTRA_JALNA,2020,1269.4932,503.35104
MAHARASHTRA_JALNA,2021,1270.1829,503.17685
MAHARASHTRA_JALNA,2022,1272.086,500.27155
MAHARASHTRA_JALNA,2023,1260.0137,496.6522
MAHARASHTRA_JALNA,2024,1252.4714,493.1104
MAHARASHTRA_JALNA,2025,1258.4003,491.41492
MAHARASHTRA_KOLHAPUR,2019,3395.5386,1643.3964
MAHARASHTRA_KOLHAPUR,2020,3387.3455,1623.6948
MAHARASHTRA_KOLHAPUR,2021,3416.0054,1618.0311
MAHARASHTRA_KOLHAPUR,2022,3445.608,1619.5367
MAHARASHTRA_KOLHAPUR,2023,3446.2612,1604.8779
MAHARASHTRA_KOLHAPUR,2024,3488.893,1607.3462
MAHARASHTRA_KOLHAPUR,2025,3493.1401,1595.689
MAHARASHTRA_LATUR,2019,2076.8928,832.2223
MAHARASHTRA_LATUR,2020,2000.0112,794.4027
MAHARASHTRA_LATUR,2021,1980.7051,783.3369
MAHARASHTRA_LATUR,2022,1932.6627,758.4229
MAHARASHTRA_LATUR,2023,2058.6643,812.27014
MAHARASHTRA_LATUR,2024,2045.5952,801.55334
MAHARASHTRA_LATUR,2025,2039.1967,795.699
MAHARASHTRA_NAGPUR,2019,5378.1953,2365.7183
MAHARASHTRA_NAGPUR,2020,5337.04,2358.146
MAHARASHTRA_NAGPUR,2021,5348.4663,2370.0803
MAHARASHTRA_NAGPUR,2022,5338.835,2362.2522
MAHARASHTRA_NAGPUR,2023,5314.8906,2354.1226
MAHARASHTRA_NAGPUR,2024,5318.374,2364.4758
MAHARASHTRA_NAGPUR,2025,5311.773,2359.2974
MAHARASHTRA_NANDED,2019,2887.3208,1232.515
MAHARASHTRA_NANDED,2020,2837.2327,1248.427
MAHARASHTRA_NANDED,2021,2980.8625,1287.2603
MAHARASHTRA_NANDED,2022,3015.883,1361.937
MAHARASHTRA_NANDED,2023,2896.0935,1331.7156
MAHARASHTRA_NANDED,2024,2965.9722,1338.8787
MAHARASHTRA_NANDED,2025,3171.1316,1384.7146
MAHARASHTRA_NASHIK,2019,5111.4697,2826.028
MAHARASHTRA_NASHIK,2020,5110.58,2826.544
MAHARASHTRA_NASHIK,2021,5104.0757,2823.253
MAHARASHTRA_NASHIK,2022,5119.2554,2829.5786
MAHARASHTRA_NASHIK,2023,5109.366,2824.6008
MAHARASHTRA_NASHIK,2024,5132.927,2831.9749
MAHARASHTRA_NASHIK,2025,5128.013,2828.2078
MAHARASHTRA_PUNE,2019,8440.364,3970.1436
MAHARASHTRA_PUNE,2020,8318.427,3899.3835
MAHARASHTRA_PUNE,2021,8259.723,3867.1182
MAHARASHTRA_PUNE,2022,8297.364,3883.328
MAHARASHTRA_PUNE,2023,8250.132,3846.9634
MAHARASHTRA_PUNE,2024,8181.096,3804.938
MAHARASHTRA_PUNE,2025,8193.026,3803.653
MAHARASHTRA_RATNAGIRI,2019,2555.745,971.384
MAHARASHTRA_RATNAGIRI,2020,2557.894,962.08813
MAHARASHTRA_RATNAGIRI,2021,2582.062,963.5447
MAHARASHTRA_RATNAGIRI,2022,2584.127,960.7041
MAHARASHTRA_RATNAGIRI,2023,2597.7217,964.2262
MAHARASHTRA_RATNAGIRI,2024,2620.035,967.38684
MAHARASHTRA_RATNAGIRI,2025,2634.347,968.96704
MAHARASHTRA_SANGLI,2019,2763.2983,1233.7579
MAHARASHTRA_SANGLI,2020,2851.0469,1256.9663
MAHARASHTRA_SANGLI,2021,2784.3975,1223.7618
MAHARASHTRA_SANGLI,2022,2819.1826,1242.6262
MAHARASHTRA_SANGLI,2023,2825.924,1239.9858
MAHARASHTRA_SANGLI,2024,2815.4495,1232.5148
MAHARASHTRA_SANGLI,2025,2852.3809,1241.8917
MAHARASHTRA_SOLAPUR,2019,3615.1248,1739.0668
MAHARASHTRA_SOLAPUR,2020,3649.2783,1727.8875
MAHARASHTRA_SOLAPUR,2021,3674.8657,1723.1528
MAHARASHTRA_SOLAPUR,2022,3673.389,1729.7887
MAHARASHTRA_SOLAPUR,2023,3684.468,1736.458
MAHARASHTRA_SOLAPUR,2024,3708.8547,1747.4285
MAHARASHTRA_SOLAPUR,2025,3738.5098,1756.7291
MAHARASHTRA_THANE,2019,9929.681,3419.6196
MAHARASHTRA_THANE,2020,9962.723,3406.1438
MAHARASHTRA_THANE,2021,10000.672,3393.056
MAHARASHTRA_THANE,2022,10070.884,3395.9287
MAHARASHTRA_THANE,2023,10124.594,3391.6614
MAHARASHTRA_THANE,2024,10167.4795,3381.0325
MAHARASHTRA_THANE,2025,10226.401,3378.3945
MANIPUR_IMPHALWEST,2019,667.0026,172.08046
MANIPUR_IMPHALWEST,2020,696.6101,170.31885
MANIPUR_IMPHALWEST,2021,678.8874,165.8975
MANIPUR_IMPHALWEST,2022,727.5675,169.66493
MANIPUR_IMPHALWEST,2023,718.387,163.20793
MANIPUR_IMPHALWEST,2024,765.45087,170.16357
MANIPUR_IMPHALWEST,2025,772.89966,166.40508
MEGHALAYA_EASTKHASIHILLS,2019,2527.8713,719.92847
MEGHALAYA_EASTKHASIHILLS,2020,2330.0037,701.19745
MEGHALAYA_EASTKHASIHILLS,2021,2393.9277,709.57886
MEGHALAYA_EASTKHASIHILLS,2022,2330.5598,695.15576
MEGHALAYA_EASTKHASIHILLS,2023,2354.043,700.3842
MEGHALAYA_EASTKHASIHILLS,2024,2388.0928,693.1163
MEGHALAYA_EASTKHASIHILLS,2025,2378.754,695.1519
MEGHALAYA_RIBHOI,2019,452.15762,155.169
MEGHALAYA_RIBHOI,2020,405.6407,116.33003
MEGHALAYA_RIBHOI,2021,426.5869,141.53055
MEGHALAYA_RIBHOI,2022,408.15717,124.698204
MEGHALAYA_RIBHOI,2023,407.5081,122.36264
MEGHALAYA_RIBHOI,2024,400.17236,116.1146
MEGHALAYA_RIBHOI,2025,397.75934,118.24567
MIZORAM_AIZAWL,2019,1262.1746,277.8604
MIZORAM_AIZAWL,2020,1246.2737,271.459
MIZORAM_AIZAWL,2021,1253.3394,276.25565
MIZORAM_AIZAWL,2022,1259.231,281.83093
MIZORAM_AIZAWL,2023,1278.3157,290.51218
MIZORAM_AIZAWL,2024,1290.4196,299.64526
MIZORAM_AIZAWL,2025,1309.9587,309.02765
MIZORAM_CHAMPHAI,2019,155.15274,115.36595
MIZORAM_CHAMPHAI,2020,132.06412,102.51513
MIZORAM_CHAMPHAI,2021,142.38559,102.58669
MIZORAM_CHAMPHAI,2022,131.88739,100.84076
MIZORAM_CHAMPHAI,2023,140.71263,102.46902
MIZORAM_CHAMPHAI,2024,138.06622,101.70625
MIZORAM_CHAMPHAI,2025,146.07268,104.77875
MIZORAM_KOLASIB,2019,119.85019,103.60275
MIZORAM_KOLASIB,2020,118.00295,100.84705
MIZORAM_KOLASIB,2021,122.43641,105.158585
MIZORAM_KOLASIB,2022,128.70984,103.89607
MIZORAM_KOLASIB,2023,140.77661,100.668724
MIZORAM_KOLASIB,2024,142.88649,99.890305
MIZORAM_KOLASIB,2025,153.66083,103.5244
MIZORAM_LUNGLEI,2019,318.19156,106.63986
MIZORAM_LUNGLEI,2020,311.0428,93.43868
MIZORAM_LUNGLEI,2021,371.54166,98.71571
MIZORAM_LUNGLEI,2022,367.06647,102.51088
MIZORAM_LUNGLEI,2023,390.2155,115.437164
MIZORAM_LUNGLEI,2024,417.1731,131.70605
MIZORAM_LUNGLEI,2025,445.15265,137.64917
NAGALAND_DIMAPUR,2019,890.5124,284.04614
NAGALAND_DIMAPUR,2020,890.03723,275.03046
NAGALAND_DIMAPUR,2021,896.598,265.31644
NAGALAND_DIMAPUR,2022,960.6519,274.33313
NAGALAND_DIMAPUR,2023,975.3506,272.93588
NAGALAND_DIMAPUR,2024,1029.3774,291.6422
NAGALAND_DIMAPUR,2025,1032.6929,286.9516
NAGALAND_WOKHA,2019,138.14641,88.357544
NAGALAND_WOKHA,2020,141.56479,88.29769
NAGALAND_WOKHA,2021,136.64255,86.081955
NAGALAND_WOKHA,2022,137.50255,93.419914
NAGALAND_WOKHA,2023,131.84055,88.94885
NAGALAND_WOKHA,2024,142.95744,93.8121
NAGALAND_WOKHA,2025,135.76672,84.35647
ODISHA_CUTTACK,2019,1900.79,603.2899
ODISHA_CUTTACK,2020,2055.4133,604.09436
ODISHA_CUTTACK,2021,1890.7278,600.188
ODISHA_CUTTACK,2022,1829.8811,621.43
ODISHA_CUTTACK,2023,1930.1646,648.81714
ODISHA_CUTTACK,2024,2115.4556,739.43134
ODISHA_CUTTACK,2025,2321.1646,878.23535
ODISHA_GANJAM,2019,4893.615,1838.8232
ODISHA_GANJAM,2020,4898.917,1839.2509
ODISHA_GANJAM,2021,4908.573,1837.0408
ODISHA_GANJAM,2022,4933.6445,1838.7354
ODISHA_GANJAM,2023,4944.2764,1833.8641
ODISHA_GANJAM,2024,4963.5674,1831.8021
ODISHA_GANJAM,2025,4980.3564,1832.7534
ODISHA_JHARSUGUDA,2019,676.63257,340.363
ODISHA_JHARSUGUDA,2020,630.1741,321.27548
ODISHA_JHARSUGUDA,2021,624.5834,314.78067
ODISHA_JHARSUGUDA,2022,631.76843,307.454
ODISHA_JHARSUGUDA,2023,630.77374,301.0073
ODISHA_JHARSUGUDA,2024,638.86566,296.7359
ODISHA_JHARSUGUDA,2025,656.4608,293.74152
ODISHA_KHORDHA,2019,1241.9309,557.0211
ODISHA_KHORDHA,2020,1282.2634,553.5216
ODISHA_KHORDHA,2021,1308.2715,559.353
ODISHA_KHORDHA,2022,1341.1183,561.7706
ODISHA_KHORDHA,2023,1375.525,564.6052
ODISHA_KHORDHA,2024,1411.8569,567.60016
ODISHA_KHORDHA,2025,1446.8217,568.9349
ODISHA_PURI,2019,2509.7358,538.273
ODISHA_PURI,2020,2512.2227,527.93787
ODISHA_PURI,2021,2562.777,540.64453
ODISHA_PURI,2022,2566.4705,533.6389
ODISHA_PURI,2023,2616.4768,546.8022
ODISHA_PURI,2024,2617.9443,538.9237
ODISHA_PURI,2025,2668.268,552.5354
ODISHA_RAYAGADA,2019,1710.4957,924.1587
ODISHA_RAYAGADA,2020,1704.2083,933.2958
ODISHA_RAYAGADA,2021,1716.5242,925.4939
ODISHA_RAYAGADA,2022,1715.1354,934.14844
ODISHA_RAYAGADA,2023,1723.878,931.39374
ODISHA_RAYAGADA,2024,1721.7845,934.7505
ODISHA_RAYAGADA,2025,1733.9619,934.8607
ODISHA_SAMBALPUR,2019,1735.9006,623.0796
ODISHA_SAMBALPUR,2020,1705.1307,618.91455
ODISHA_SAMBALPUR,2021,1730.943,622.3708
ODISHA_SAMBALPUR,2022,1725.0607,623.7951
ODISHA_SAMBALPUR,2023,1733.0741,621.9583
ODISHA_SAMBALPUR,2024,1734.3484,625.33405
ODISHA_SAMBALPUR,2025,1744.497,623.2934
ODISHA_SUNDARGARH,2019,3171.0264,1289.436
ODISHA_SUNDARGARH,2020,3170.1284,1285.5078
ODISHA_SUNDARGARH,2021,3186.98,1287.1135
ODISHA_SUNDARGARH,2022,3201.3384,1290.2478
ODISHA_SUNDARGARH,2023,3208.2026,1290.6163
ODISHA_SUNDARGARH,2024,3218.0195,1291.3658
ODISHA_SUNDARGARH,2025,3227.2837,1292.5413
PUNJAB_AMRITSAR,2019,3893.6938,1253.227
PUNJAB_AMRITSAR,2020,3900.7698,1282.0922
PUNJAB_AMRITSAR,2021,3832.0867,1224.8801
PUNJAB_AMRITSAR,2022,3815.4065,1174.5438
PUNJAB_AMRITSAR,2023,3826.1675,1170.0112
PUNJAB_AMRITSAR,2024,3841.0564,1214.3335
PUNJAB_AMRITSAR,2025,3884.0613,1257.9019
PUNJAB_BATHINDA,2019,1717.345,640.1722
PUNJAB_BATHINDA,2020,1797.2817,656.735
PUNJAB_BATHINDA,2021,1736.5513,680.2263
PUNJAB_BATHINDA,2022,1820.0435,707.57764
PUNJAB_BATHINDA,2023,1770.6394,709.13995
PUNJAB_BATHINDA,2024,1843.3397,721.2415
PUNJAB_BATHINDA,2025,1779.6228,707.377
PUNJAB_FARIDKOT,2019,1209.8499,426.98737
PUNJAB_FARIDKOT,2020,1234.7686,431.94766
PUNJAB_FARIDKOT,2021,1202.1943,426.12167
PUNJAB_FARIDKOT,2022,1197.7845,425.5644
PUNJAB_FARIDKOT,2023,1201.0999,430.34836
PUNJAB_FARIDKOT,2024,1182.3153,425.72437
PUNJAB_FARIDKOT,2025,1177.3293,427.54373
PUNJAB_FATEHGARHSAHIB,2019,687.47876,237.02428
PUNJAB_FATEHGARHSAHIB,2020,661.7112,236.07312
PUNJAB_FATEHGARHSAHIB,2021,659.013,238.40298
PUNJAB_FATEHGARHSAHIB,2022,654.67114,241.24878
PUNJAB_FATEHGARHSAHIB,2023,645.3491,241.74483
PUNJAB_FATEHGARHSAHIB,2024,633.6764,239.10712
PUNJAB_FATEHGARHSAHIB,2025,621.42163,235.91942
PUNJAB_GURDASPUR,2019,2725.1519,1220.74
PUNJAB_GURDASPUR,2020,2748.481,1230.0441
PUNJAB_GURDASPUR,2021,2728.278,1224.9905
PUNJAB_GURDASPUR,2022,2724.8877,1221.5627
PUNJAB_GURDASPUR,2023,2722.9368,1220.9097
PUNJAB_GURDASPUR,2024,2729.1545,1217.5212
PUNJAB_GURDASPUR,2025,2718.4937,1212.9872
PUNJAB_HOSHIARPUR,2019,1751.8247,718.4647
PUNJAB_HOSHIARPUR,2020,1780.2582,721.645
PUNJAB_HOSHIARPUR,2021,1740.1611,716.9415
PUNJAB_HOSHIARPUR,2022,1760.5514,722.4514
PUNJAB_HOSHIARPUR,2023,1733.8,713.12317
PUNJAB_HOSHIARPUR,2024,1740.686,717.1222
PUNJAB_HOSHIARPUR,2025,1716.2605,710.4266
PUNJAB_JALANDHAR,2019,3006.6875,1158.3312
PUNJAB_JALANDHAR,2020,2976.2632,1140.3242
PUNJAB_JALANDHAR,2021,2953.19,1146.9694
PUNJAB_JALANDHAR,2022,2957.1384,1142.4805
PUNJAB_JALANDHAR,2023,2949.0051,1140.5625
PUNJAB_JALANDHAR,2024,2934.4082,1128.9987
PUNJAB_JALANDHAR,2025,2926.4363,1132.2306
PUNJAB_LUDHIANA,2019,4910.917,1629.2839
PUNJAB_LUDHIANA,2020,4855.6704,1643.6738
PUNJAB_LUDHIANA,2021,4829.2227,1629.9292
PUNJAB_LUDHIANA,2022,4819.0747,1657.0542
PUNJAB_LUDHIANA,2023,4783.8267,1639.6793
PUNJAB_LUDHIANA,2024,4800.55,1663.7723
PUNJAB_LUDHIANA,2025,4767.118,1654.5833
PUNJAB_MOGA,2019,851.81165,392.03503
PUNJAB_MOGA,2020,853.92865,392.03296
PUNJAB_MOGA,2021,851.95447,391.86685
PUNJAB_MOGA,2022,851.6334,391.7332
PUNJAB_MOGA,2023,851.3087,391.3291
PUNJAB_MOGA,2024,852.56555,391.17133
PUNJAB_MOGA,2025,852.8259,391.1897
PUNJAB_PATIALA,2019,2577.2861,962.4691
PUNJAB_PATIALA,2020,2686.2678,987.33167
PUNJAB_PATIALA,2021,2602.8093,965.7513
PUNJAB_PATIALA,2022,2634.8125,961.0932
PUNJAB_PATIALA,2023,2647.5981,975.22345
PUNJAB_PATIALA,2024,2629.2214,968.11707
PUNJAB_PATIALA,2025,2639.7336,957.20215
PUNJAB_RUPNAGAR,2019,1110.6718,451.07568
PUNJAB_RUPNAGAR,2020,1123.9402,443.09073
PUNJAB_RUPNAGAR,2021,1123.1057,444.81897
PUNJAB_RUPNAGAR,2022,1139.8574,443.15826
PUNJAB_RUPNAGAR,2023,1143.9186,446.26172
PUNJAB_RUPNAGAR,2024,1144.8026,443.93118
PUNJAB_RUPNAGAR,2025,1142.5498,443.10803
PUNJAB_SAHIBZADAAJITSINGHNAGAR,2019,925.8446,397.19843
PUNJAB_SAHIBZADAAJITSINGHNAGAR,2020,961.8846,417.82825
PUNJAB_SAHIBZADAAJITSINGHNAGAR,2021,942.12683,411.9366
PUNJAB_SAHIBZADAAJITSINGHNAGAR,2022,952.307,416.44293
PUNJAB_SAHIBZADAAJITSINGHNAGAR,2023,954.16064,417.9646
PUNJAB_SAHIBZADAAJITSINGHNAGAR,2024,941.12537,413.57172
PUNJAB_SAHIBZADAAJITSINGHNAGAR,2025,956.6232,421.2445
PUNJAB_SANGRUR,2019,2190.4922,775.70514
PUNJAB_SANGRUR,2020,2239.365,799.9994
PUNJAB_SANGRUR,2021,2204.4075,782.4316
PUNJAB_SANGRUR,2022,2245.0042,799.1341
PUNJAB_SANGRUR,2023,2214.9863,786.6569
PUNJAB_SANGRUR,2024,2227.6753,792.0812
PUNJAB_SANGRUR,2025,2232.3,791.4788
RAJASTHAN_ALWAR,2019,9462.357,3384.1282
RAJASTHAN_ALWAR,2020,9272.806,3330.9087
RAJASTHAN_ALWAR,2021,9206.717,3284.3738
RAJASTHAN_ALWAR,2022,9290.202,3328.9084
RAJASTHAN_ALWAR,2023,9479.98,3421.1548
RAJASTHAN_ALWAR,2024,9622.478,3490.3372
RAJASTHAN_ALWAR,2025,9633.7705,3496.0679
RAJASTHAN_BUNDI,2019,1665.0818,532.9628
RAJASTHAN_BUNDI,2020,1663.657,533.00085
RAJASTHAN_BUNDI,2021,1646.9171,516.72003
RAJASTHAN_BUNDI,2022,1631.5712,506.46118
RAJASTHAN_BUNDI,2023,1636.2865,502.135
RAJASTHAN_BUNDI,2024,1634.3998,489.42947
RAJASTHAN_BUNDI,2025,1635.3678,486.27728
RAJASTHAN_JAIPUR,2019,14604.625,5007.504
RAJASTHAN_JAIPUR,2020,14592.6,5000.4863
RAJASTHAN_JAIPUR,2021,14574.713,4991.0635
RAJASTHAN_JAIPUR,2022,14560.484,4984.9463
RAJASTHAN_JAIPUR,2023,14545.412,4978.495
RAJASTHAN_JAIPUR,2024,14527.784,4969.876
RAJASTHAN_JAIPUR,2025,14514.269,4964.9336
RAJASTHAN_JODHPUR,2019,3674.8625,1284.1124
RAJASTHAN_JODHPUR,2020,3683.574,1275.1772
RAJASTHAN_JODHPUR,2021,3660.3816,1277.2312
RAJASTHAN_JODHPUR,2022,3705.0078,1287.2621
RAJASTHAN_JODHPUR,2023,3694.3828,1281.9867
RAJASTHAN_JODHPUR,2024,3719.0007,1288.6552
RAJASTHAN_JODHPUR,2025,3698.8677,1284.672
RAJASTHAN_KOTA,2019,2707.494,996.5282
RAJASTHAN_KOTA,2020,2733.621,992.1166
RAJASTHAN_KOTA,2021,2641.9595,962.5426
RAJASTHAN_KOTA,2022,2634.4817,946.0727
RAJASTHAN_KOTA,2023,2599.0315,925.1619
RAJASTHAN_KOTA,2024,2572.9133,905.47906
RAJASTHAN_KOTA,2025,2555.8203,890.3795
RAJASTHAN_UDAIPUR,2019,5951.421,2552.4844
RAJASTHAN_UDAIPUR,2020,6108.3535,2639.7324
RAJASTHAN_UDAIPUR,2021,5956.84,2575.5535
RAJASTHAN_UDAIPUR,2022,6035.304,2618.6357
RAJASTHAN_UDAIPUR,2023,5938.877,2586.126
RAJASTHAN_UDAIPUR,2024,6026.3145,2639.1782
RAJASTHAN_UDAIPUR,2025,5900.83,2580.2827
TAMILNADU_CHENNAI,2019,6963.0977,2598.4988
TAMILNADU_CHENNAI,2020,6987.8247,2593.763
TAMILNADU_CHENNAI,2021,6996.3164,2579.62
TAMILNADU_CHENNAI,2022,7009.5273,2568.5566
TAMILNADU_CHENNAI,2023,7044.9736,2569.6292
TAMILNADU_CHENNAI,2024,7073.376,2560.6328
TAMILNADU_CHENNAI,2025,7119.586,2569.0881
TAMILNADU_COIMBATORE,2019,3504.4136,1727.9915
TAMILNADU_COIMBATORE,2020,3506.4265,1730.7363
TAMILNADU_COIMBATORE,2021,3523.823,1741.4033
TAMILNADU_COIMBATORE,2022,3491.2268,1723.4838
TAMILNADU_COIMBATORE,2023,3495.2773,1716.498
TAMILNADU_COIMBATORE,2024,3482.1738,1724.9727
TAMILNADU_COIMBATORE,2025,3472.6277,1714.9038
TAMILNADU_CUDDALORE,2019,3726.7974,1316.3604
TAMILNADU_CUDDALORE,2020,3653.819,1292.6337
TAMILNADU_CUDDALORE,2021,3670.7695,1298.9895
TAMILNADU_CUDDALORE,2022,3631.011,1295.145
TAMILNADU_CUDDALORE,2023,3637.989,1299.5193
TAMILNADU_CUDDALORE,2024,3605.1365,1292.8154
TAMILNADU_CUDDALORE,2025,3610.7432,1300.6714
TAMILNADU_MADURAI,2019,3909.6064,1590.425
TAMILNADU_MADURAI,2020,3972.6013,1610.3403
TAMILNADU_MADURAI,2021,4050.2095,1642.6362
TAMILNADU_MADURAI,2022,4045.7812,1634.1212
TAMILNADU_MADURAI,2023,4006.2002,1605.4104
TAMILNADU_MADURAI,2024,4068.2974,1628.1686
TAMILNADU_MADURAI,2025,4137.035,1657.1761
TAMILNADU_SALEM,2019,3646.7412,1581.0913
TAMILNADU_SALEM,2020,3652.5715,1586.7264
TAMILNADU_SALEM,2021,3643.0159,1590.5558
TAMILNADU_SALEM,2022,3665.1724,1595.4761
TAMILNADU_SALEM,2023,3679.5713,1590.2019
TAMILNADU_SALEM,2024,3688.102,1600.4535
TAMILNADU_SALEM,2025,3679.6316,1598.4675
TAMILNADU_TIRUCHIRAPPALLI,2019,3159.6804,1520.2546
TAMILNADU_TIRUCHIRAPPALLI,2020,3168.791,1520.828
TAMILNADU_TIRUCHIRAPPALLI,2021,3184.4487,1522.3981
TAMILNADU_TIRUCHIRAPPALLI,2022,3176.6685,1517.842
TAMILNADU_TIRUCHIRAPPALLI,2023,3170.0767,1514.8322
TAMILNADU_TIRUCHIRAPPALLI,2024,3168.2798,1512.4602
TAMILNADU_TIRUCHIRAPPALLI,2025,3175.1553,1511.9839
TELANGANA_HYDERABAD,2019,5946.1455,2178.321
TELANGANA_HYDERABAD,2020,5953.7715,2196.829
TELANGANA_HYDERABAD,2021,5854.24,2167.1733
TELANGANA_HYDERABAD,2022,5905.669,2208.5762
TELANGANA_HYDERABAD,2023,5842.9365,2197.2612
TELANGANA_HYDERABAD,2024,5816.952,2201.1816
TELANGANA_HYDERABAD,2025,5797.546,2209.6655
TELANGANA_KARIMNAGAR,2019,1201.4281,1703.3367
TELANGANA_KARIMNAGAR,2020,1136.3289,1700.4794
TELANGANA_KARIMNAGAR,2021,1145.2255,1696.1914
TELANGANA_KARIMNAGAR,2022,1166.1656,1701.2815
TELANGANA_KARIMNAGAR,2023,1150.4878,1699.5327
TELANGANA_KARIMNAGAR,2024,1148.2485,1698.2839
TELANGANA_KARIMNAGAR,2025,1156.0281,1702.6125
TELANGANA_KHAMMAM,2019,1826.5254,1012.1576
TELANGANA_KHAMMAM,2020,1848.4663,1018.7097
TELANGANA_KHAMMAM,2021,1869.0043,1023.3885
TELANGANA_KHAMMAM,2022,1897.1522,1030.3253
TELANGANA_KHAMMAM,2023,1893.4358,1024.9554
TELANGANA_KHAMMAM,2024,1921.9822,1030.9766
TELANGANA_KHAMMAM,2025,1933.4868,1031.128
TELANGANA_MEDAK,2019,2658.9414,1344.851
TELANGANA_MEDAK,2020,2644.5732,1340.7245
TELANGANA_MEDAK,2021,2638.6707,1338.8776
TELANGANA_MEDAK,2022,2635.0264,1337.6396
TELANGANA_MEDAK,2023,2634.8071,1337.1152
TELANGANA_MEDAK,2024,2630.2798,1335.4575
TELANGANA_MEDAK,2025,2626.3408,1333.6815
TELANGANA_NALGONDA,2019,1663.973,839.06067
TELANGANA_NALGONDA,2020,1615.9374,820.13586
TELANGANA_NALGONDA,2021,1653.6338,832.279
TELANGANA_NALGONDA,2022,1616.546,813.6872
TELANGANA_NALGONDA,2023,1659.7517,827.0627
TELANGANA_NALGONDA,2024,1627.4177,807.69794
TELANGANA_NALGONDA,2025,1667.6865,822.8002
TELANGANA_NIZAMABAD,2019,2031.4087,1132.6022
TELANGANA_NIZAMABAD,2020,2016.9877,1131.7048
TELANGANA_NIZAMABAD,2021,2020.6123,1132.134
TELANGANA_NIZAMABAD,2022,2020.3226,1131.6532
TELANGANA_NIZAMABAD,2023,2015.1014,1131.2284
TELANGANA_NIZAMABAD,2024,2012.8231,1131.1354
TELANGANA_NIZAMABAD,2025,2011.0181,1130.9773
TELANGANA_SANGAREDDY,2019,5535.9575,2450.2922
TELANGANA_SANGAREDDY,2020,5595.7593,2457.7498
TELANGANA_SANGAREDDY,2021,5566.21,2431.375
TELANGANA_SANGAREDDY,2022,5640.0586,2441.233
TELANGANA_SANGAREDDY,2023,5620.8564,2415.6863
TELANGANA_SANGAREDDY,2024,5670.4355,2421.206
TELANGANA_SANGAREDDY,2025,5674.855,2402.1323
TELANGANA_WARANGALURBAN,2019,2254.4614,970.1099
TELANGANA_WARANGALURBAN,2020,2256.2654,960.9347
TELANGANA_WARANGALURBAN,2021,2284.1182,932.0305
TELANGANA_WARANGALURBAN,2022,2466.6177,892.9485
TELANGANA_WARANGALURBAN,2023,3012.5728,953.8967
TELANGANA_WARANGALURBAN,2024,4126.2803,1201.8405
TELANGANA_WARANGALURBAN,2025,5983.8984,1662.364
UTTARAKHAND_DEHRADUN,2019,2854.8057,814.69464
UTTARAKHAND_DEHRADUN,2020,2775.3245,819.6003
UTTARAKHAND_DEHRADUN,2021,2696.5063,789.8197
UTTARAKHAND_DEHRADUN,2022,2650.6423,779.7782
UTTARAKHAND_DEHRADUN,2023,2597.3643,769.0354
UTTARAKHAND_DEHRADUN,2024,2593.004,759.65753
UTTARAKHAND_DEHRADUN,2025,2639.6655,765.7906
UTTARAKHAND_NAINITAL,2019,1950.9744,665.7916
UTTARAKHAND_NAINITAL,2020,1905.855,660.2833
UTTARAKHAND_NAINITAL,2021,1879.3766,643.63354
UTTARAKHAND_NAINITAL,2022,1832.9639,632.93665
UTTARAKHAND_NAINITAL,2023,1863.5201,622.5033
UTTARAKHAND_NAINITAL,2024,1861.8529,622.5748
UTTARAKHAND_NAINITAL,2025,1879.3019,612.60693
UTTARAKHAND_RUDRAPRAYAG,2019,160.90219,41.508022
UTTARAKHAND_RUDRAPRAYAG,2020,158.53635,47.76635
UTTARAKHAND_RUDRAPRAYAG,2021,160.67822,48.53709
UTTARAKHAND_RUDRAPRAYAG,2022,178.14906,52.880135
UTTARAKHAND_RUDRAPRAYAG,2023,185.88225,56.43298
UTTARAKHAND_RUDRAPRAYAG,2024,186.20438,59.59155
UTTARAKHAND_RUDRAPRAYAG,2025,189.24591,63.635445
UTTARPRADESH_AGRA,2019,6663.7285,2284.2603
UTTARPRADESH_AGRA,2020,6665.4746,2289.1772
UTTARPRADESH_AGRA,2021,6610.9893,2268.3901
UTTARPRADESH_AGRA,2022,6569.345,2249.0056
UTTARPRADESH_AGRA,2023,6523.1914,2228.6853
UTTARPRADESH_AGRA,2024,6485.543,2215.6016
UTTARPRADESH_AGRA,2025,6472.647,2217.6758
UTTARPRADESH_ALLAHABAD,2019,7529.0835,3540.5688
UTTARPRADESH_ALLAHABAD,2020,7472.3037,3508.692
UTTARPRADESH_ALLAHABAD,2021,7667.782,3576.0627
UTTARPRADESH_ALLAHABAD,2022,7755.9043,3615.02
UTTARPRADESH_ALLAHABAD,2023,7863.845,3639.2937
UTTARPRADESH_ALLAHABAD,2024,7814.1006,3610.4875
UTTARPRADESH_ALLAHABAD,2025,7902.3877,3625.058
UTTARPRADESH_BAREILLY,2019,5246.3115,2563.0137
UTTARPRADESH_BAREILLY,2020,5433.092,2612.4492
UTTARPRADESH_BAREILLY,2021,5631.241,2639.222
UTTARPRADESH_BAREILLY,2022,5800.7915,2654.3293
UTTARPRADESH_BAREILLY,2023,6002.6465,2698.4668
UTTARPRADESH_BAREILLY,2024,6188.286,2751.1204
UTTARPRADESH_BAREILLY,2025,6356.6963,2819.8567
UTTARPRADESH_BULANDSHAHR,2019,6810.961,2593.4417
UTTARPRADESH_BULANDSHAHR,2020,6826.5625,2619.0935
UTTARPRADESH_BULANDSHAHR,2021,6822.912,2625.1594
UTTARPRADESH_BULANDSHAHR,2022,6801.3325,2613.54
UTTARPRADESH_BULANDSHAHR,2023,6765.664,2591.2036
UTTARPRADESH_BULANDSHAHR,2024,6736.5522,2573.256
UTTARPRADESH_BULANDSHAHR,2025,6722.733,2566.7346
UTTARPRADESH_FIROZABAD,2019,3576.6177,1314.2231
UTTARPRADESH_FIROZABAD,2020,3506.6099,1269.5123
UTTARPRADESH_FIROZABAD,2021,3533.577,1300.1519
UTTARPRADESH_FIROZABAD,2022,3549.1914,1284.5967
UTTARPRADESH_FIROZABAD,2023,3549.865,1272.6879
UTTARPRADESH_FIROZABAD,2024,3610.734,1289.545
UTTARPRADESH_FIROZABAD,2025,3567.4084,1271.1611
UTTARPRADESH_GHAZIABAD,2019,9123.018,3038.2222
UTTARPRADESH_GHAZIABAD,2020,9118.289,3049.5825
UTTARPRADESH_GHAZIABAD,2021,9115.443,3041.891
UTTARPRADESH_GHAZIABAD,2022,9038.765,3026.4631
UTTARPRADESH_GHAZIABAD,2023,8995.559,3014.5874
UTTARPRADESH_GHAZIABAD,2024,8933.784,2992.8967
UTTARPRADESH_GHAZIABAD,2025,8897.904,2973.179
UTTARPRADESH_GORAKHPUR,2019,5079.3604,2605.249
UTTARPRADESH_GORAKHPUR,2020,5095.5117,2614.9539
UTTARPRADESH_GORAKHPUR,2021,5118.0254,2611.6572
UTTARPRADESH_GORAKHPUR,2022,5106.4355,2607.8677
UTTARPRADESH_GORAKHPUR,2023,5146.4463,2619.581
UTTARPRADESH_GORAKHPUR,2024,5146.1636,2620.1753
UTTARPRADESH_GORAKHPUR,2025,5172.8594,2626.1113
UTTARPRADESH_JHANSI,2019,2559.1917,1272.5627
UTTARPRADESH_JHANSI,2020,2613.5886,1293.9553
UTTARPRADESH_JHANSI,2021,2586.98,1277.4945
UTTARPRADESH_JHANSI,2022,2606.2622,1286.277
UTTARPRADESH_JHANSI,2023,2608.6968,1280.1836
UTTARPRADESH_JHANSI,2024,2605.611,1279.3959
UTTARPRADESH_JHANSI,2025,2624.968,1281.4167
UTTARPRADESH_KANPURNAGAR,2019,6071.9004,2665.7236
UTTARPRADESH_KANPURNAGAR,2020,5986.4824,2637.0657
UTTARPRADESH_KANPURNAGAR,2021,5952.2876,2621.9463
UTTARPRADESH_KANPURNAGAR,2022,5887.8647,2597.5266
UTTARPRADESH_KANPURNAGAR,2023,5831.5107,2578.5488
UTTARPRADESH_KANPURNAGAR,2024,5770.786,2555.6257
UTTARPRADESH_KANPURNAGAR,2025,5712.5938,2535.6406
UTTARPRADESH_LUCKNOW,2019,6606.544,2755.9497
UTTARPRADESH_LUCKNOW,2020,6592.8213,2761.9233
UTTARPRADESH_LUCKNOW,2021,6563.6455,2760.3352
UTTARPRADESH_LUCKNOW,2022,6530.373,2756.4646
UTTARPRADESH_LUCKNOW,2023,6500.0156,2753.5247
UTTARPRADESH_LUCKNOW,2024,6469.585,2751.6877
UTTARPRADESH_LUCKNOW,2025,6442.4395,2751.616
UTTARPRADESH_MATHURA,2019,3275.0376,1574.5573
UTTARPRADESH_MATHURA,2020,3328.6235,1579.1848
UTTARPRADESH_MATHURA,2021,3299.7034,1574.6509
UTTARPRADESH_MATHURA,2022,3209.9163,1567.9666
UTTARPRADESH_MATHURA,2023,3125.6262,1554.3196
UTTARPRADESH_MATHURA,2024,3087.9136,1550.7773
UTTARPRADESH_MATHURA,2025,3101.897,1550.0771
UTTARPRADESH_MEERUT,2019,6649.8345,3031.954
UTTARPRADESH_MEERUT,2020,6581.1943,3032.1047
UTTARPRADESH_MEERUT,2021,6616.499,3053.2695
UTTARPRADESH_MEERUT,2022,6597.1514,3056.1956
UTTARPRADESH_MEERUT,2023,6569.054,3061.6858
UTTARPRADESH_MEERUT,2024,6620.078,3072.451
UTTARPRADESH_MEERUT,2025,6606.7686,3069.5537
UTTARPRADESH_MORADABAD,2019,5292.12,2449.4934
UTTARPRADESH_MORADABAD,2020,5153.567,2376.516
UTTARPRADESH_MORADABAD,2021,5199.9106,2390.012
UTTARPRADESH_MORADABAD,2022,5396.1357,2476.3408
UTTARPRADESH_MORADABAD,2023,5577.001,2554.1782
UTTARPRADESH_MORADABAD,2024,5590.675,2549.5913
UTTARPRADESH_MORADABAD,2025,5443.2334,2467.373
UTTARPRADESH_SAHARANPUR,2019,6234.712,2841.6396
UTTARPRADESH_SAHARANPUR,2020,6170.7036,2844.27
UTTARPRADESH_SAHARANPUR,2021,6131.3496,2820.676
UTTARPRADESH_SAHARANPUR,2022,6051.116,2810.4478
UTTARPRADESH_SAHARANPUR,2023,6012.992,2791.4893
UTTARPRADESH_SAHARANPUR,2024,5946.9224,2767.8716
UTTARPRADESH_SAHARANPUR,2025,5886.249,2754.649
UTTARPRADESH_SONBHADRA,2019,1813.1412,1146.3899
UTTARPRADESH_SONBHADRA,2020,1859.4479,1167.7938
UTTARPRADESH_SONBHADRA,2021,1897.9666,1180.1868
UTTARPRADESH_SONBHADRA,2022,1927.6343,1196.0874
UTTARPRADESH_SONBHADRA,2023,1963.5406,1209.0693
UTTARPRADESH_SONBHADRA,2024,1999.9075,1223.8832
UTTARPRADESH_SONBHADRA,2025,2041.622,1236.6421
UTTARPRADESH_UNNAO,2019,4046.2566,2037.475
UTTARPRADESH_UNNAO,2020,4048.598,2044.1667
UTTARPRADESH_UNNAO,2021,4039.7979,2034.7173
UTTARPRADESH_UNNAO,2022,4042.676,2034.4722
UTTARPRADESH_UNNAO,2023,4028.7095,2021.6802
UTTARPRADESH_UNNAO,2024,4037.4373,2030.7898
UTTARPRADESH_UNNAO,2025,4007.1687,2022.8655
UTTARPRADESH_VARANASI,2019,5227.4106,2116.3792
UTTARPRADESH_VARANASI,2020,5262.847,2112.7578
UTTARPRADESH_VARANASI,2021,5338.837,2124.9695
UTTARPRADESH_VARANASI,2022,5394.6753,2129.5295
UTTARPRADESH_VARANASI,2023,5466.3174,2139.8135
UTTARPRADESH_VARANASI,2024,5530.1675,2147.6453
UTTARPRADESH_VARANASI,2025,5600.34,2157.706
WESTBENGAL_BANKURA,2019,3630.2222,2046.1614
WESTBENGAL_BANKURA,2020,3604.9568,2031.519
WESTBENGAL_BANKURA,2021,3626.082,2042.8344
WESTBENGAL_BANKURA,2022,3630.7822,2042.5499
WESTBENGAL_BANKURA,2023,3606.8096,2033.1791
WESTBENGAL_BANKURA,2024,3606.4014,2032.5647
WESTBENGAL_BANKURA,2025,3610.573,2034.6102
WESTBENGAL_MALDAH,2019,4593.5293,2333.354
WESTBENGAL_MALDAH,2020,4568.7944,2328.267
WESTBENGAL_MALDAH,2021,4574.9575,2330.5955
WESTBENGAL_MALDAH,2022,4572.877,2328.3982
WESTBENGAL_MALDAH,2023,4569.7197,2328.4731
WESTBENGAL_MALDAH,2024,4571.6787,2329.2964
WESTBENGAL_MALDAH,2025,4571.0615,2329.2593
WESTBENGAL_MURSHIDABAD,2019,6036.1436,3312.8728
WESTBENGAL_MURSHIDABAD,2020,6020.252,3305.1326
WESTBENGAL_MURSHIDABAD,2021,6021.284,3310.4272
WESTBENGAL_MURSHIDABAD,2022,6026.711,3307.9355
WESTBENGAL_MURSHIDABAD,2023,6023.5127,3307.3823
WESTBENGAL_MURSHIDABAD,2024,6025.367,3309.4646
WESTBENGAL_MURSHIDABAD,2025,6026.798,3308.6436
WESTBENGAL_NADIA,2019,3837.289,1601.2703
WESTBENGAL_NADIA,2020,3828.3,1597.2526
WESTBENGAL_NADIA,2021,3823.7996,1605.3169
WESTBENGAL_NADIA,2022,3841.9417,1606.2312
WESTBENGAL_NADIA,2023,3843.5933,1606.7622
WESTBENGAL_NADIA,2024,3848.3826,1610.8885
WESTBENGAL_NADIA,2025,3857.6343,1611.8616
WESTBENGAL_PURBAMEDINIPUR,2019,3248.752,2365.0122
WESTBENGAL_PURBAMEDINIPUR,2020,3235.5876,2357.547
WESTBENGAL_PURBAMEDINIPUR,2021,3305.723,2404.6357
WESTBENGAL_PURBAMEDINIPUR,2022,3340.164,2421.8264
WESTBENGAL_PURBAMEDINIPUR,2023,3380.6116,2440.787
WESTBENGAL_PURBAMEDINIPUR,2024,3379.893,2440.2505
WESTBENGAL_PURBAMEDINIPUR,2025,3318.3215,2410.4685
